amount,purchase_time,vendor_id,product_id
9290,"2013-11-07 12:34:56.000000",1,1
2262,"2013-11-10 10:44:56.000000",1,1
9588,"2013-11-13 09:49:37.000000",1,1
1634,"2013-11-07 04:44:00.000000",1,1
4440,"2013-11-10 13:19:05.000000",1,1
6950,"2013-11-11 19:29:52.000000",1,1
4095,"2013-11-12 22:38:29.000000",1,1
5727,"2013-11-12 14:03:54.000000",2,2
8,"2013-11-13 09:48:15.000000",3,4
5160,"2013-11-08 12:31:41.000000",3,4
1030,"2013-11-11 02:56:53.000000",3,4
5179,"2013-11-09 00:36:03.000000",3,4
3450,"2013-11-12 20:00:35.000000",3,4
4978,"2013-11-10 09:51:24.000000",3,4
8924,"2013-11-10 19:31:16.000000",3,4
2277,"2013-11-09 09:16:47.000000",3,4
3442,"2013-11-10 12:16:12.000000",4,7
5375,"2013-11-08 20:21:41.000000",4,5
9035,"2013-11-11 11:37:15.000000",4,6
51,"2013-11-10 17:48:05.000000",4,5
8963,"2013-11-10 20:26:30.000000",4,7
7180,"2013-11-12 14:40:46.000000",5,9
8382,"2013-11-09 16:13:09.000000",5,8
3776,"2013-11-09 00:12:20.000000",5,8
4951,"2013-11-10 07:42:41.000000",5,9
9690,"2013-11-10 05:45:12.000000",5,9
2851,"2013-11-13 12:14:40.000000",5,10
9015,"2013-11-06 22:19:49.000000",5,8
8445,"2013-11-11 14:44:12.000000",5,8
7459,"2013-11-10 09:44:14.000000",5,8
2977,"2013-11-09 18:57:21.000000",6,13
1980,"2013-11-12 11:41:53.000000",7,14
8559,"2013-11-11 14:26:33.000000",7,14
6027,"2013-11-07 21:01:30.000000",7,14
8375,"2013-11-11 01:04:00.000000",7,14
6433,"2013-11-11 23:39:50.000000",7,14
6350,"2013-11-08 04:25:38.000000",7,14
1995,"2013-11-12 00:20:22.000000",7,14
9348,"2013-11-08 18:38:56.000000",8,17
5432,"2013-11-12 09:22:56.000000",8,15
4263,"2013-11-09 00:36:05.000000",8,16
3043,"2013-11-07 20:01:03.000000",8,17
8222,"2013-11-13 13:56:55.000000",8,17
1458,"2013-11-10 09:42:35.000000",8,17
7011,"2013-11-08 04:57:31.000000",8,18
9111,"2013-11-09 00:05:24.000000",8,18
8150,"2013-11-08 08:40:59.000000",8,15
2510,"2013-11-10 08:43:31.000000",9,21
3697,"2013-11-12 02:43:56.000000",9,20
5420,"2013-11-08 03:30:03.000000",9,19
9341,"2013-11-09 18:18:19.000000",9,21
3461,"2013-11-13 13:05:00.000000",9,22
844,"2013-11-09 05:50:58.000000",10,27
1410,"2013-11-13 07:13:10.000000",10,27
9333,"2013-11-09 23:44:59.000000",10,25
2731,"2013-11-10 09:37:13.000000",10,25
5017,"2013-11-13 03:57:23.000000",10,27
4111,"2013-11-11 08:27:44.000000",10,26
3233,"2013-11-08 19:50:45.000000",10,23
5949,"2013-11-11 10:43:04.000000",10,23
626,"2013-11-07 23:47:38.000000",11,28
8296,"2013-11-07 08:31:35.000000",11,32
4522,"2013-11-09 07:23:56.000000",11,28
8362,"2013-11-07 13:30:08.000000",11,30
9460,"2013-11-13 08:58:12.000000",11,32
9711,"2013-11-11 23:36:04.000000",12,35
963,"2013-11-08 23:12:25.000000",12,33
295,"2013-11-10 09:21:48.000000",12,33
10,"2013-11-10 08:03:56.000000",13,38
2838,"2013-11-09 21:30:15.000000",13,38
564,"2013-11-09 02:43:45.000000",14,40
593,"2013-11-08 12:55:34.000000",14,40
4154,"2013-11-09 02:31:12.000000",14,40
6070,"2013-11-11 03:58:53.000000",15,41
7256,"2013-11-07 19:12:18.000000",15,41
6071,"2013-11-08 19:28:57.000000",15,41
5365,"2013-11-09 15:35:23.000000",15,41
886,"2013-11-09 07:59:36.000000",15,44
9682,"2013-11-13 15:13:19.000000",15,41
8084,"2013-11-09 14:20:31.000000",15,44
4991,"2013-11-09 04:28:54.000000",16,47
6867,"2013-11-07 15:58:18.000000",16,48
8415,"2013-11-06 19:29:41.000000",16,47
8790,"2013-11-08 10:15:19.000000",16,46
2832,"2013-11-10 08:44:12.000000",16,48
7454,"2013-11-11 15:56:35.000000",16,48
2497,"2013-11-11 12:54:54.000000",16,45
9679,"2013-11-09 22:17:35.000000",17,50
3313,"2013-11-12 21:20:28.000000",17,50
1793,"2013-11-10 18:11:20.000000",17,50
6010,"2013-11-10 09:42:37.000000",17,50
434,"2013-11-11 08:18:23.000000",17,50
3654,"2013-11-11 17:42:24.000000",17,50
4170,"2013-11-11 11:55:44.000000",18,52
5579,"2013-11-06 18:07:58.000000",18,51
2289,"2013-11-11 01:23:48.000000",19,57
8743,"2013-11-08 12:24:05.000000",19,56
3187,"2013-11-11 01:03:33.000000",19,57
6930,"2013-11-10 21:23:07.000000",19,55
4573,"2013-11-08 23:18:32.000000",19,56
6539,"2013-11-12 14:44:41.000000",20,58
6390,"2013-11-11 10:06:01.000000",20,58
3310,"2013-11-09 18:25:22.000000",20,58
5690,"2013-11-11 14:23:19.000000",20,58
8672,"2013-11-08 20:28:53.000000",20,58
7028,"2013-11-08 06:40:04.000000",21,60
3779,"2013-11-08 13:40:53.000000",21,60
822,"2013-11-11 09:44:44.000000",21,63
1826,"2013-11-10 10:53:07.000000",21,59
3751,"2013-11-08 05:31:14.000000",21,62
5889,"2013-11-10 04:25:45.000000",21,62
7797,"2013-11-11 21:48:16.000000",22,64
4564,"2013-11-07 02:33:45.000000",22,64
4548,"2013-11-08 09:47:50.000000",22,65
7870,"2013-11-10 15:07:29.000000",22,66
6858,"2013-11-09 14:00:22.000000",22,67
7912,"2013-11-10 16:21:58.000000",22,65
785,"2013-11-11 22:35:45.000000",23,72
1664,"2013-11-12 23:45:49.000000",23,69
1810,"2013-11-11 06:19:43.000000",23,70
4890,"2013-11-10 06:01:19.000000",23,70
4847,"2013-11-08 12:09:35.000000",23,69
4480,"2013-11-12 18:13:45.000000",24,73
4636,"2013-11-13 10:57:50.000000",24,73
3128,"2013-11-08 14:34:47.000000",25,74
4221,"2013-11-11 06:36:50.000000",25,74
5790,"2013-11-08 14:20:42.000000",25,74
1143,"2013-11-06 16:40:22.000000",25,74
1195,"2013-11-10 18:40:40.000000",25,74
9173,"2013-11-10 02:43:19.000000",25,74
4911,"2013-11-12 13:43:19.000000",25,74
6509,"2013-11-13 05:23:36.000000",26,75
1628,"2013-11-13 02:37:47.000000",26,77
9088,"2013-11-12 19:28:58.000000",26,75
1257,"2013-11-08 05:05:27.000000",26,76
4694,"2013-11-06 23:30:59.000000",26,76
4838,"2013-11-12 17:10:10.000000",26,75
4112,"2013-11-10 19:20:55.000000",27,78
294,"2013-11-08 14:10:28.000000",27,82
2924,"2013-11-10 06:17:00.000000",27,80
4589,"2013-11-11 14:02:18.000000",28,85
3220,"2013-11-08 09:28:06.000000",29,87
8521,"2013-11-07 23:56:41.000000",29,87
9430,"2013-11-10 11:24:10.000000",29,88
7916,"2013-11-08 19:35:38.000000",29,88
4589,"2013-11-08 20:53:02.000000",29,87
8111,"2013-11-10 12:31:10.000000",29,88
7863,"2013-11-13 12:29:57.000000",29,86
3091,"2013-11-12 15:52:56.000000",29,88
717,"2013-11-07 07:53:18.000000",30,91
5184,"2013-11-07 20:32:39.000000",30,89
6377,"2013-11-08 12:15:30.000000",30,90
3068,"2013-11-08 20:03:41.000000",30,89
250,"2013-11-12 22:25:06.000000",30,89
2515,"2013-11-08 05:05:48.000000",30,89
6380,"2013-11-13 03:11:50.000000",30,91
1159,"2013-11-09 16:04:14.000000",30,89
5091,"2013-11-11 09:40:51.000000",31,94
2264,"2013-11-12 16:31:13.000000",31,92
2397,"2013-11-10 07:32:57.000000",31,92
5435,"2013-11-07 04:50:02.000000",31,93
3357,"2013-11-09 13:29:45.000000",32,97
4371,"2013-11-09 08:00:24.000000",32,97
3654,"2013-11-08 09:40:32.000000",33,103
9646,"2013-11-13 10:23:23.000000",33,103
4895,"2013-11-09 22:56:25.000000",33,102
3590,"2013-11-06 18:13:39.000000",33,102
4096,"2013-11-07 11:33:58.000000",33,101
1814,"2013-11-13 05:54:03.000000",33,101
2462,"2013-11-13 15:03:27.000000",33,101
56,"2013-11-12 04:40:32.000000",33,103
1710,"2013-11-06 19:27:57.000000",34,107
4758,"2013-11-10 05:51:17.000000",34,107
6619,"2013-11-08 23:52:48.000000",34,107
5824,"2013-11-08 05:51:51.000000",34,105
2091,"2013-11-10 12:35:06.000000",34,107
2820,"2013-11-10 00:45:19.000000",34,106
9558,"2013-11-12 10:34:54.000000",35,110
2964,"2013-11-12 08:39:14.000000",35,111
5870,"2013-11-11 01:07:30.000000",35,109
9570,"2013-11-07 03:04:38.000000",35,111
7443,"2013-11-08 05:54:43.000000",35,109
6647,"2013-11-08 17:51:36.000000",35,112
8787,"2013-11-07 10:19:05.000000",36,117
1985,"2013-11-13 15:49:09.000000",37,118
9242,"2013-11-08 17:07:17.000000",37,118
821,"2013-11-07 09:34:39.000000",37,118
44,"2013-11-12 11:37:54.000000",37,118
7264,"2013-11-11 16:53:44.000000",38,122
7070,"2013-11-11 07:45:28.000000",38,120
2661,"2013-11-09 15:22:39.000000",38,123
343,"2013-11-12 01:16:11.000000",38,119
5893,"2013-11-08 22:42:23.000000",38,121
8775,"2013-11-07 12:14:21.000000",38,121
2259,"2013-11-13 01:02:28.000000",38,120
8165,"2013-11-12 12:22:55.000000",38,120
7878,"2013-11-11 17:57:51.000000",39,124
9237,"2013-11-07 16:17:20.000000",39,126
8435,"2013-11-07 03:17:53.000000",40,128
8311,"2013-11-12 11:21:43.000000",40,128
5438,"2013-11-07 10:11:04.000000",40,130
4683,"2013-11-09 04:18:25.000000",40,131
6675,"2013-11-11 21:23:24.000000",40,129
2667,"2013-11-12 09:29:25.000000",40,127
9298,"2013-11-11 10:34:34.000000",40,131
6478,"2013-11-08 13:16:16.000000",40,131
8142,"2013-11-11 21:38:21.000000",40,131
3163,"2013-11-09 23:14:14.000000",41,135
4710,"2013-11-07 19:06:39.000000",41,134
3633,"2013-11-11 00:05:19.000000",41,133
6890,"2013-11-11 01:10:02.000000",41,132
3490,"2013-11-09 09:00:25.000000",42,139
6470,"2013-11-12 12:10:02.000000",42,139
1594,"2013-11-10 08:30:40.000000",43,141
6498,"2013-11-11 01:38:00.000000",43,141
5395,"2013-11-09 02:05:00.000000",43,144
7730,"2013-11-10 22:39:55.000000",43,142
2584,"2013-11-09 20:03:56.000000",43,143
2450,"2013-11-10 01:06:22.000000",43,144
7117,"2013-11-09 21:30:02.000000",44,146
6370,"2013-11-07 22:32:09.000000",44,146
8861,"2013-11-09 18:37:07.000000",44,145
6622,"2013-11-11 20:30:20.000000",44,146
8845,"2013-11-12 09:50:28.000000",44,146
4990,"2013-11-11 00:40:30.000000",44,145
6448,"2013-11-11 07:53:41.000000",44,145
4050,"2013-11-09 04:21:18.000000",44,145
9730,"2013-11-08 13:44:39.000000",45,149
420,"2013-11-08 13:31:35.000000",45,147
6014,"2013-11-08 21:31:46.000000",46,152
4474,"2013-11-07 01:58:22.000000",46,153
4126,"2013-11-12 15:06:00.000000",46,154
6039,"2013-11-07 05:39:13.000000",46,152
6180,"2013-11-07 23:37:14.000000",46,153
2060,"2013-11-07 18:10:36.000000",47,156
7097,"2013-11-10 15:22:42.000000",47,157
8480,"2013-11-08 09:57:37.000000",47,156
5465,"2013-11-11 10:05:43.000000",48,159
8410,"2013-11-13 15:46:50.000000",48,158
4094,"2013-11-07 05:47:49.000000",48,158
8136,"2013-11-11 21:28:03.000000",49,163
386,"2013-11-08 08:22:18.000000",49,160
4713,"2013-11-09 03:02:57.000000",50,164
6476,"2013-11-09 14:19:02.000000",50,164
7947,"2013-11-10 05:20:06.000000",50,164
8825,"2013-11-11 13:31:18.000000",50,164
1396,"2013-11-09 11:50:04.000000",52,166
3647,"2013-11-06 19:26:08.000000",52,166
877,"2013-11-09 01:13:39.000000",52,166
4129,"2013-11-07 09:11:40.000000",52,166
2686,"2013-11-09 19:19:34.000000",52,166
6875,"2013-11-13 00:28:52.000000",54,172
3924,"2013-11-11 01:44:52.000000",54,171
4969,"2013-11-12 23:56:16.000000",54,173
2145,"2013-11-09 00:06:23.000000",54,172
6672,"2013-11-12 16:06:04.000000",54,172
4890,"2013-11-07 08:12:29.000000",54,171
440,"2013-11-08 05:13:46.000000",54,175
9637,"2013-11-06 18:10:43.000000",54,171
6473,"2013-11-09 23:59:29.000000",56,181
2799,"2013-11-09 23:35:38.000000",56,181
4514,"2013-11-09 10:55:04.000000",56,182
3290,"2013-11-07 14:54:19.000000",57,185
3127,"2013-11-07 02:21:19.000000",57,185
3579,"2013-11-12 20:20:22.000000",57,186
3738,"2013-11-11 14:28:33.000000",57,186
7820,"2013-11-10 23:37:34.000000",57,186
6047,"2013-11-12 04:23:04.000000",58,187
2039,"2013-11-13 05:47:32.000000",58,188
1260,"2013-11-10 08:51:12.000000",58,187
5895,"2013-11-12 19:19:40.000000",58,187
9222,"2013-11-13 13:18:21.000000",59,193
2371,"2013-11-08 09:39:35.000000",59,193
579,"2013-11-12 01:34:24.000000",59,189
7367,"2013-11-07 02:28:42.000000",60,196
3929,"2013-11-07 06:20:12.000000",61,198
925,"2013-11-07 23:48:31.000000",61,198
1485,"2013-11-07 21:57:58.000000",61,197
8420,"2013-11-07 19:44:22.000000",61,197
2217,"2013-11-13 16:14:17.000000",62,202
6658,"2013-11-09 18:04:24.000000",62,199
3545,"2013-11-11 14:21:52.000000",62,202
3865,"2013-11-11 08:09:20.000000",62,199
3915,"2013-11-07 08:05:29.000000",62,202
2661,"2013-11-08 19:58:44.000000",62,203
5070,"2013-11-13 14:31:13.000000",62,200
2259,"2013-11-12 08:51:43.000000",63,204
7969,"2013-11-12 23:59:09.000000",63,204
6438,"2013-11-08 16:52:08.000000",63,204
1110,"2013-11-07 21:11:38.000000",64,207
5144,"2013-11-11 00:11:06.000000",64,208
2833,"2013-11-09 09:44:39.000000",64,206
3952,"2013-11-11 20:26:19.000000",64,205
2343,"2013-11-08 03:54:56.000000",64,206
7994,"2013-11-09 19:33:15.000000",64,208
9765,"2013-11-08 08:34:14.000000",65,210
1676,"2013-11-07 16:43:47.000000",65,211
6371,"2013-11-07 19:27:06.000000",65,210
634,"2013-11-08 10:56:09.000000",66,212
1591,"2013-11-11 01:07:50.000000",66,213
798,"2013-11-12 10:42:02.000000",66,213
1892,"2013-11-12 12:01:34.000000",67,214
6192,"2013-11-06 18:31:44.000000",67,215
6020,"2013-11-08 16:13:00.000000",67,216
6443,"2013-11-13 13:31:07.000000",67,215
8910,"2013-11-12 13:11:23.000000",67,216
6734,"2013-11-12 00:13:13.000000",68,217
9841,"2013-11-10 09:15:58.000000",68,217
8644,"2013-11-11 20:21:06.000000",68,217
6089,"2013-11-08 09:05:21.000000",68,217
3520,"2013-11-09 04:36:34.000000",69,219
9220,"2013-11-11 01:54:37.000000",69,220
3597,"2013-11-11 01:22:52.000000",70,224
166,"2013-11-13 04:52:49.000000",70,223
3628,"2013-11-10 23:40:57.000000",70,225
969,"2013-11-12 21:07:19.000000",70,224
1360,"2013-11-07 01:47:55.000000",70,225
2758,"2013-11-07 00:13:06.000000",70,224
4733,"2013-11-08 15:41:09.000000",70,222
1942,"2013-11-07 13:31:05.000000",71,227
2567,"2013-11-10 18:15:15.000000",72,231
1248,"2013-11-09 01:20:01.000000",73,237
3222,"2013-11-13 06:03:47.000000",73,236
2555,"2013-11-10 17:26:20.000000",73,236
6540,"2013-11-08 07:39:26.000000",74,241
7184,"2013-11-11 09:06:36.000000",74,238
7920,"2013-11-08 08:41:57.000000",74,238
3895,"2013-11-06 21:54:48.000000",74,239
8957,"2013-11-09 08:20:50.000000",74,238
5150,"2013-11-08 16:54:58.000000",74,241
333,"2013-11-11 16:35:36.000000",74,239
1125,"2013-11-07 02:07:32.000000",74,238
7934,"2013-11-11 04:37:21.000000",74,239
6289,"2013-11-11 08:40:32.000000",75,242
9281,"2013-11-07 07:56:46.000000",75,243
3640,"2013-11-12 07:21:30.000000",76,244
2397,"2013-11-09 07:48:45.000000",76,245
4318,"2013-11-13 06:21:21.000000",76,244
3274,"2013-11-13 04:53:34.000000",77,247
5421,"2013-11-13 01:13:47.000000",77,248
1495,"2013-11-09 02:34:38.000000",77,249
3365,"2013-11-10 05:01:55.000000",77,248
5188,"2013-11-09 12:45:17.000000",78,250
141,"2013-11-09 07:36:14.000000",79,251
9894,"2013-11-08 17:54:46.000000",79,251
4617,"2013-11-12 02:42:02.000000",79,251
7652,"2013-11-10 19:17:05.000000",79,251
4243,"2013-11-11 02:43:30.000000",79,251
1444,"2013-11-13 09:30:32.000000",79,251
5265,"2013-11-12 11:49:16.000000",79,251
390,"2013-11-12 08:40:05.000000",81,255
2488,"2013-11-12 14:46:55.000000",81,254
8910,"2013-11-07 13:04:33.000000",81,254
7980,"2013-11-09 09:58:48.000000",81,255
7990,"2013-11-09 17:07:07.000000",81,255
4950,"2013-11-13 15:30:48.000000",81,254
4620,"2013-11-09 00:27:56.000000",81,255
660,"2013-11-08 00:01:58.000000",81,254
3742,"2013-11-07 01:28:04.000000",82,257
7442,"2013-11-11 09:24:02.000000",82,258
2864,"2013-11-09 22:40:55.000000",82,256
4432,"2013-11-11 04:11:18.000000",82,258
8721,"2013-11-12 21:49:27.000000",82,256
7153,"2013-11-13 12:31:13.000000",82,257
462,"2013-11-07 05:48:23.000000",82,257
8959,"2013-11-13 06:12:00.000000",83,259
639,"2013-11-08 21:58:42.000000",84,261
8761,"2013-11-11 10:34:14.000000",84,260
7138,"2013-11-09 08:20:02.000000",84,260
5567,"2013-11-10 21:56:35.000000",84,261
3534,"2013-11-10 22:42:32.000000",84,261
4473,"2013-11-12 00:54:16.000000",84,260
747,"2013-11-08 20:02:50.000000",84,261
7389,"2013-11-07 16:06:18.000000",84,261
2092,"2013-11-08 03:04:21.000000",85,265
8644,"2013-11-09 04:18:43.000000",85,262
5799,"2013-11-06 20:07:05.000000",86,268
7186,"2013-11-13 02:07:54.000000",86,269
7648,"2013-11-13 16:22:11.000000",86,271
7120,"2013-11-07 13:51:02.000000",87,272
3057,"2013-11-10 22:05:52.000000",87,272
8481,"2013-11-08 22:13:48.000000",87,274
7180,"2013-11-09 09:23:30.000000",87,273
944,"2013-11-12 23:48:00.000000",87,273
6890,"2013-11-12 07:27:58.000000",88,276
897,"2013-11-08 20:27:02.000000",88,275
1022,"2013-11-08 20:16:39.000000",88,276
7528,"2013-11-08 15:51:42.000000",88,276
2140,"2013-11-09 02:58:12.000000",88,275
5183,"2013-11-07 20:27:58.000000",88,276
4459,"2013-11-10 14:04:44.000000",88,275
2633,"2013-11-12 07:32:59.000000",88,276
9837,"2013-11-07 08:23:43.000000",88,276
160,"2013-11-07 04:35:05.000000",89,281
5286,"2013-11-12 12:15:27.000000",89,278
3964,"2013-11-11 11:01:37.000000",89,277
1190,"2013-11-10 12:23:19.000000",89,279
9682,"2013-11-07 17:03:12.000000",89,279
7009,"2013-11-07 15:58:54.000000",89,280
95,"2013-11-12 17:21:25.000000",89,279
7723,"2013-11-07 12:10:44.000000",90,282
9644,"2013-11-09 20:09:20.000000",90,282
3534,"2013-11-07 23:26:44.000000",90,282
165,"2013-11-13 16:24:53.000000",90,282
9613,"2013-11-11 18:12:51.000000",90,282
9015,"2013-11-12 14:54:58.000000",92,286
38,"2013-11-12 07:01:33.000000",92,290
7348,"2013-11-13 05:02:11.000000",92,290
1271,"2013-11-09 13:41:39.000000",92,289
1720,"2013-11-06 17:05:31.000000",93,291
5660,"2013-11-11 08:47:48.000000",93,291
5528,"2013-11-11 20:16:30.000000",94,292
53,"2013-11-08 03:27:54.000000",94,292
9826,"2013-11-11 23:59:44.000000",94,292
6934,"2013-11-08 06:29:53.000000",94,292
1536,"2013-11-09 10:45:17.000000",94,292
2352,"2013-11-13 08:58:40.000000",94,292
2355,"2013-11-12 19:11:34.000000",95,295
9541,"2013-11-12 06:42:26.000000",95,296
5270,"2013-11-11 09:29:37.000000",95,295
7233,"2013-11-13 04:51:23.000000",95,295
864,"2013-11-10 13:37:04.000000",95,296
6117,"2013-11-11 23:30:11.000000",95,293
4393,"2013-11-11 12:22:15.000000",95,294
638,"2013-11-13 06:27:06.000000",95,294
4133,"2013-11-08 22:56:57.000000",96,298
6390,"2013-11-08 12:05:43.000000",96,298
2741,"2013-11-07 21:56:36.000000",96,298
3152,"2013-11-13 08:37:28.000000",96,298
5141,"2013-11-10 02:03:05.000000",96,298
2162,"2013-11-11 23:41:41.000000",96,298
4129,"2013-11-13 12:12:36.000000",96,298
3950,"2013-11-08 13:04:24.000000",97,299
9737,"2013-11-08 12:04:19.000000",97,299
5228,"2013-11-09 11:37:47.000000",97,299
2364,"2013-11-09 03:50:08.000000",97,299
9699,"2013-11-09 11:36:03.000000",97,299
9847,"2013-11-10 18:51:05.000000",97,299
7678,"2013-11-10 10:17:43.000000",97,299
3221,"2013-11-09 17:26:12.000000",98,300
8619,"2013-11-08 02:45:50.000000",98,301
3979,"2013-11-09 06:30:52.000000",98,301
2270,"2013-11-08 11:29:04.000000",98,301
1436,"2013-11-13 11:06:22.000000",99,302
4140,"2013-11-07 01:32:30.000000",99,304
44,"2013-11-10 13:20:13.000000",99,302
3768,"2013-11-09 09:32:19.000000",99,306
4955,"2013-11-08 14:00:03.000000",99,303
5339,"2013-11-10 01:21:11.000000",99,306
2173,"2013-11-13 15:46:48.000000",99,304
1966,"2013-11-07 23:39:27.000000",100,309
6470,"2013-11-09 10:03:14.000000",100,311
8721,"2013-11-10 14:41:05.000000",100,307
5239,"2013-11-10 08:08:55.000000",101,314
1419,"2013-11-11 11:57:40.000000",101,312
9450,"2013-11-10 06:07:15.000000",101,313
5171,"2013-11-12 22:51:58.000000",101,312
8109,"2013-11-07 19:43:26.000000",102,315
7070,"2013-11-10 14:53:50.000000",102,315
8230,"2013-11-09 12:10:08.000000",102,315
1963,"2013-11-10 02:52:37.000000",102,315
3196,"2013-11-11 17:04:15.000000",102,315
9870,"2013-11-12 05:53:57.000000",102,315
6351,"2013-11-08 11:41:56.000000",102,315
6659,"2013-11-10 01:37:17.000000",103,316
133,"2013-11-07 13:31:34.000000",103,316
1776,"2013-11-07 04:20:38.000000",103,317
2817,"2013-11-12 13:09:51.000000",103,316
1064,"2013-11-10 13:35:49.000000",103,317
8862,"2013-11-11 19:26:30.000000",103,318
4184,"2013-11-12 18:52:42.000000",104,319
8031,"2013-11-10 15:08:11.000000",104,319
7356,"2013-11-11 05:42:35.000000",104,319
4250,"2013-11-12 22:05:34.000000",104,319
3090,"2013-11-10 09:44:16.000000",104,319
872,"2013-11-12 16:52:25.000000",104,319
3690,"2013-11-11 15:20:31.000000",104,319
3350,"2013-11-09 13:16:46.000000",104,319
1810,"2013-11-10 23:00:09.000000",105,323
2487,"2013-11-10 07:47:11.000000",106,326
1710,"2013-11-10 23:45:21.000000",106,328
6936,"2013-11-10 10:26:29.000000",106,327
4427,"2013-11-10 23:14:19.000000",106,325
2643,"2013-11-11 17:05:41.000000",106,326
5594,"2013-11-07 11:48:03.000000",106,325
5439,"2013-11-12 16:43:57.000000",106,328
6284,"2013-11-07 07:20:58.000000",106,328
1420,"2013-11-08 18:42:56.000000",106,328
2885,"2013-11-08 13:30:51.000000",107,329
5992,"2013-11-09 08:52:31.000000",107,332
5412,"2013-11-07 05:51:45.000000",107,329
1310,"2013-11-12 15:11:32.000000",108,336
3769,"2013-11-07 14:44:10.000000",108,335
1630,"2013-11-10 20:00:47.000000",108,334
9845,"2013-11-12 04:43:51.000000",108,336
5054,"2013-11-08 08:41:07.000000",108,335
2266,"2013-11-09 04:25:19.000000",108,334
531,"2013-11-07 22:09:58.000000",108,334
2665,"2013-11-09 17:01:29.000000",109,338
2492,"2013-11-12 06:21:57.000000",109,337
8738,"2013-11-07 20:25:39.000000",109,338
7173,"2013-11-10 07:00:20.000000",109,337
6978,"2013-11-11 23:25:57.000000",109,338
6909,"2013-11-10 07:29:20.000000",109,338
2546,"2013-11-12 23:33:38.000000",109,338
4132,"2013-11-11 20:39:25.000000",109,338
5453,"2013-11-10 11:18:18.000000",109,337
735,"2013-11-12 20:07:39.000000",110,342
6453,"2013-11-12 04:25:59.000000",110,342
9890,"2013-11-13 07:33:15.000000",110,339
4950,"2013-11-08 10:27:58.000000",110,340
973,"2013-11-09 10:58:50.000000",110,339
6330,"2013-11-06 22:53:29.000000",110,342
7559,"2013-11-12 09:25:57.000000",110,339
2280,"2013-11-10 14:07:07.000000",110,342
7578,"2013-11-08 16:30:27.000000",111,343
3175,"2013-11-12 20:19:29.000000",111,343
8760,"2013-11-12 09:11:28.000000",111,345
5070,"2013-11-11 04:25:08.000000",111,344
6110,"2013-11-12 21:54:05.000000",111,344
6433,"2013-11-10 11:28:34.000000",111,344
2938,"2013-11-09 16:16:52.000000",111,344
9596,"2013-11-09 22:18:12.000000",112,346
5128,"2013-11-12 15:44:08.000000",112,348
3426,"2013-11-10 12:40:48.000000",112,347
3976,"2013-11-12 20:23:25.000000",112,349
80,"2013-11-10 20:33:37.000000",113,352
5879,"2013-11-09 21:37:35.000000",113,351
3740,"2013-11-11 02:01:14.000000",113,352
9370,"2013-11-10 06:12:20.000000",114,353
640,"2013-11-08 01:06:26.000000",114,354
2790,"2013-11-11 16:50:34.000000",114,353
1854,"2013-11-10 10:33:15.000000",114,354
9350,"2013-11-09 11:23:23.000000",114,354
4873,"2013-11-08 10:50:29.000000",114,354
3970,"2013-11-09 07:41:34.000000",114,354
8789,"2013-11-12 04:04:21.000000",114,354
4436,"2013-11-07 18:25:15.000000",115,355
8420,"2013-11-10 16:50:56.000000",115,357
4978,"2013-11-07 00:20:08.000000",115,355
3228,"2013-11-07 16:50:49.000000",115,355
5257,"2013-11-07 04:03:37.000000",115,355
2049,"2013-11-12 12:52:38.000000",115,356
1395,"2013-11-08 00:07:31.000000",115,357
6611,"2013-11-08 05:00:43.000000",116,359
5969,"2013-11-08 03:37:05.000000",116,358
5813,"2013-11-07 09:55:03.000000",117,364
7051,"2013-11-06 22:33:27.000000",117,361
4798,"2013-11-08 03:55:51.000000",117,364
3526,"2013-11-10 18:58:31.000000",117,364
860,"2013-11-13 09:10:34.000000",117,362
822,"2013-11-10 06:25:58.000000",117,362
3013,"2013-11-12 04:20:14.000000",117,363
5850,"2013-11-07 16:07:31.000000",120,376
5455,"2013-11-13 06:01:56.000000",120,373
165,"2013-11-06 20:32:03.000000",120,374
1462,"2013-11-08 02:31:31.000000",120,375
511,"2013-11-10 16:14:18.000000",120,373
5129,"2013-11-11 18:35:09.000000",120,376
8213,"2013-11-13 02:48:51.000000",121,378
3325,"2013-11-11 11:53:54.000000",121,377
668,"2013-11-12 13:36:24.000000",121,378
597,"2013-11-10 21:08:23.000000",121,377
3250,"2013-11-07 08:58:14.000000",121,378
9086,"2013-11-08 21:44:38.000000",121,379
7017,"2013-11-13 02:06:32.000000",121,378
9100,"2013-11-08 23:40:45.000000",121,377
5642,"2013-11-08 05:29:37.000000",121,378
1345,"2013-11-06 22:37:45.000000",122,382
6722,"2013-11-11 21:16:03.000000",122,383
8248,"2013-11-06 22:20:37.000000",122,381
7683,"2013-11-10 01:53:43.000000",122,383
5376,"2013-11-12 22:38:48.000000",122,383
4927,"2013-11-12 16:00:49.000000",122,384
4243,"2013-11-06 23:14:35.000000",123,386
3813,"2013-11-07 10:25:48.000000",123,387
7137,"2013-11-08 14:35:54.000000",123,385
767,"2013-11-09 19:15:00.000000",123,385
2150,"2013-11-09 06:37:34.000000",123,385
1814,"2013-11-08 05:12:55.000000",123,387
8825,"2013-11-06 21:53:22.000000",123,387
1218,"2013-11-09 10:51:00.000000",123,385
5650,"2013-11-09 10:05:36.000000",125,392
2669,"2013-11-09 14:10:28.000000",125,391
1328,"2013-11-12 00:30:38.000000",125,391
350,"2013-11-10 13:05:35.000000",125,393
8081,"2013-11-10 08:32:33.000000",125,392
9079,"2013-11-08 18:03:36.000000",125,392
4588,"2013-11-10 06:16:10.000000",126,394
4467,"2013-11-11 00:49:58.000000",126,394
537,"2013-11-13 11:51:12.000000",126,394
2176,"2013-11-12 01:27:05.000000",126,394
6518,"2013-11-12 17:20:27.000000",126,394
8150,"2013-11-11 16:40:18.000000",126,394
9590,"2013-11-09 19:33:00.000000",126,394
7031,"2013-11-07 18:18:22.000000",126,394
4742,"2013-11-11 16:37:10.000000",126,394
7513,"2013-11-10 16:13:25.000000",127,397
1267,"2013-11-10 18:55:03.000000",127,399
1495,"2013-11-12 07:46:02.000000",127,399
6673,"2013-11-10 11:40:03.000000",127,397
6745,"2013-11-09 04:43:30.000000",127,398
1324,"2013-11-12 01:11:31.000000",127,395
9487,"2013-11-06 18:28:01.000000",128,400
5058,"2013-11-11 15:29:02.000000",128,400
628,"2013-11-10 09:47:20.000000",129,401
2290,"2013-11-12 03:34:09.000000",129,401
7142,"2013-11-08 05:36:48.000000",129,401
7468,"2013-11-13 09:08:41.000000",129,401
3771,"2013-11-08 21:09:15.000000",129,401
8264,"2013-11-13 02:50:00.000000",129,401
5154,"2013-11-12 20:14:49.000000",129,401
2777,"2013-11-08 23:49:49.000000",129,401
8420,"2013-11-13 08:03:25.000000",131,406
7295,"2013-11-12 22:57:39.000000",131,406
7811,"2013-11-07 07:18:49.000000",131,406
7420,"2013-11-11 00:51:06.000000",131,406
3979,"2013-11-07 00:44:56.000000",131,406
8670,"2013-11-08 09:56:25.000000",131,406
613,"2013-11-09 12:16:35.000000",132,409
5386,"2013-11-07 10:21:47.000000",132,411
1054,"2013-11-08 13:08:34.000000",132,409
6648,"2013-11-09 08:00:57.000000",132,411
9334,"2013-11-09 08:23:18.000000",132,411
4381,"2013-11-08 01:53:54.000000",132,411
645,"2013-11-12 12:40:17.000000",132,408
2224,"2013-11-10 06:15:01.000000",132,407
4310,"2013-11-11 01:13:33.000000",133,414
8130,"2013-11-08 11:08:08.000000",133,414
4791,"2013-11-08 00:37:20.000000",133,415
7009,"2013-11-13 05:39:15.000000",133,412
8784,"2013-11-07 18:14:29.000000",133,412
8332,"2013-11-11 18:17:31.000000",134,417
9819,"2013-11-10 10:06:54.000000",134,417
2356,"2013-11-11 18:40:09.000000",134,416
7640,"2013-11-13 08:29:24.000000",134,417
3597,"2013-11-07 08:43:10.000000",134,416
6636,"2013-11-07 18:42:41.000000",134,416
8679,"2013-11-10 20:41:02.000000",135,422
480,"2013-11-08 17:02:17.000000",136,425
748,"2013-11-07 10:03:53.000000",136,425
9656,"2013-11-10 05:29:51.000000",136,425
4953,"2013-11-07 21:43:20.000000",136,425
1577,"2013-11-11 16:09:03.000000",138,430
199,"2013-11-10 02:19:49.000000",138,431
1791,"2013-11-09 17:51:30.000000",138,430
7516,"2013-11-07 18:13:44.000000",138,429
471,"2013-11-09 10:53:26.000000",138,428
2927,"2013-11-10 21:40:47.000000",138,430
9676,"2013-11-09 15:48:20.000000",138,430
8730,"2013-11-07 02:20:47.000000",138,430
6978,"2013-11-13 03:58:25.000000",139,433
9570,"2013-11-08 02:12:16.000000",139,433
7250,"2013-11-13 12:01:42.000000",140,435
530,"2013-11-09 16:16:17.000000",141,436
8678,"2013-11-08 23:04:31.000000",141,436
8114,"2013-11-09 08:05:49.000000",141,436
3422,"2013-11-13 09:18:24.000000",141,436
6356,"2013-11-08 21:05:11.000000",142,437
5826,"2013-11-12 07:38:02.000000",142,438
7833,"2013-11-11 07:38:03.000000",142,438
219,"2013-11-10 06:53:37.000000",142,438
6472,"2013-11-08 21:58:39.000000",142,437
4874,"2013-11-11 17:08:39.000000",142,438
8145,"2013-11-12 20:20:59.000000",142,437
9847,"2013-11-12 03:14:30.000000",142,438
8316,"2013-11-12 19:56:21.000000",142,437
8654,"2013-11-08 03:48:13.000000",143,441
4430,"2013-11-13 15:45:56.000000",143,442
4642,"2013-11-10 08:38:57.000000",143,442
8373,"2013-11-08 06:02:43.000000",143,444
8030,"2013-11-12 03:10:54.000000",143,440
1536,"2013-11-13 02:49:56.000000",143,442
73,"2013-11-09 12:07:40.000000",143,440
5352,"2013-11-07 17:48:22.000000",144,445
1777,"2013-11-11 01:15:27.000000",144,448
5014,"2013-11-09 23:12:22.000000",144,447
780,"2013-11-08 16:25:28.000000",144,445
8570,"2013-11-06 19:17:13.000000",144,445
2170,"2013-11-10 13:54:26.000000",144,445
3411,"2013-11-07 21:38:54.000000",145,450
1644,"2013-11-11 05:29:35.000000",145,449
836,"2013-11-10 19:18:36.000000",145,450
7194,"2013-11-11 11:49:03.000000",145,452
3431,"2013-11-07 19:33:00.000000",145,449
4542,"2013-11-08 06:53:36.000000",145,449
3329,"2013-11-09 16:24:02.000000",145,451
1564,"2013-11-11 21:39:26.000000",146,454
5755,"2013-11-11 02:02:45.000000",146,454
3579,"2013-11-12 01:11:21.000000",146,454
3260,"2013-11-11 04:48:38.000000",146,453
2533,"2013-11-12 06:31:38.000000",147,456
4378,"2013-11-11 15:24:34.000000",148,460
7118,"2013-11-10 20:06:44.000000",148,462
2472,"2013-11-09 06:32:44.000000",148,461
110,"2013-11-07 13:28:56.000000",148,459
2350,"2013-11-12 00:17:46.000000",148,461
2896,"2013-11-10 20:33:41.000000",148,461
4856,"2013-11-08 02:01:23.000000",150,472
4933,"2013-11-07 20:50:40.000000",150,469
5654,"2013-11-10 03:32:28.000000",150,471
5576,"2013-11-07 11:50:13.000000",150,468
5046,"2013-11-11 22:27:33.000000",150,469
8548,"2013-11-07 08:20:05.000000",150,471
2614,"2013-11-07 12:46:10.000000",151,473
3422,"2013-11-11 05:11:58.000000",151,473
6986,"2013-11-12 03:47:48.000000",151,473
7509,"2013-11-06 19:34:06.000000",151,473
281,"2013-11-07 03:21:38.000000",151,473
2030,"2013-11-08 07:02:24.000000",151,473
5067,"2013-11-06 17:10:15.000000",151,473
1944,"2013-11-13 16:34:25.000000",151,473
7095,"2013-11-07 22:18:57.000000",152,474
977,"2013-11-09 21:20:03.000000",152,474
4368,"2013-11-08 13:53:17.000000",152,475
3629,"2013-11-10 11:48:22.000000",152,474
2347,"2013-11-13 07:11:47.000000",152,475
8980,"2013-11-08 02:12:32.000000",152,474
9131,"2013-11-09 16:48:40.000000",152,474
5734,"2013-11-11 05:02:14.000000",152,475
4247,"2013-11-09 18:29:10.000000",152,475
7075,"2013-11-11 04:57:36.000000",153,477
1628,"2013-11-07 06:14:32.000000",153,477
8925,"2013-11-08 13:41:14.000000",153,479
98,"2013-11-07 21:54:27.000000",153,478
5446,"2013-11-10 00:45:25.000000",153,479
6370,"2013-11-08 22:41:45.000000",153,478
4847,"2013-11-08 08:17:53.000000",153,477
759,"2013-11-09 12:55:51.000000",154,481
9623,"2013-11-09 16:54:22.000000",154,481
9112,"2013-11-12 04:56:03.000000",154,480
4465,"2013-11-09 18:46:36.000000",154,482
4559,"2013-11-07 20:58:02.000000",155,483
7233,"2013-11-09 11:01:50.000000",155,484
110,"2013-11-10 15:21:09.000000",155,483
8796,"2013-11-12 11:12:16.000000",155,485
2144,"2013-11-10 10:13:14.000000",155,483
770,"2013-11-09 23:56:33.000000",155,484
7845,"2013-11-08 07:00:41.000000",156,487
892,"2013-11-09 22:13:44.000000",156,488
3993,"2013-11-13 05:31:04.000000",156,490
525,"2013-11-08 03:03:57.000000",157,494
6994,"2013-11-08 20:00:33.000000",157,491
4040,"2013-11-11 07:44:49.000000",157,493
672,"2013-11-10 03:39:33.000000",157,492
9358,"2013-11-08 11:46:48.000000",157,492
827,"2013-11-07 01:43:22.000000",157,494
280,"2013-11-11 23:10:41.000000",157,493
9357,"2013-11-12 20:52:32.000000",157,492
9382,"2013-11-10 04:09:11.000000",157,493
6100,"2013-11-10 21:19:00.000000",158,497
8594,"2013-11-09 16:36:34.000000",158,497
8643,"2013-11-07 19:13:32.000000",158,498
5323,"2013-11-07 12:00:48.000000",158,498
1481,"2013-11-11 02:42:13.000000",158,498
5240,"2013-11-13 06:58:43.000000",158,497
2596,"2013-11-12 17:29:02.000000",158,496
2620,"2013-11-09 07:11:15.000000",158,496
8957,"2013-11-12 13:35:01.000000",158,496
7326,"2013-11-08 21:42:24.000000",159,500
888,"2013-11-07 23:48:37.000000",159,499
3319,"2013-11-13 11:23:21.000000",159,499
3070,"2013-11-07 17:38:14.000000",160,502
3571,"2013-11-06 19:42:35.000000",160,501
5098,"2013-11-08 18:02:40.000000",160,501
3120,"2013-11-10 01:30:26.000000",160,505
2854,"2013-11-06 19:12:05.000000",162,514
5536,"2013-11-06 19:01:13.000000",162,512
3968,"2013-11-09 08:03:42.000000",163,519
9643,"2013-11-10 06:40:11.000000",163,519
9493,"2013-11-12 18:52:10.000000",163,516
30,"2013-11-11 03:08:36.000000",163,519
211,"2013-11-07 22:03:43.000000",163,517
1632,"2013-11-13 09:09:36.000000",164,522
9056,"2013-11-13 05:34:14.000000",164,524
5960,"2013-11-13 07:58:15.000000",164,521
6509,"2013-11-07 21:45:11.000000",164,524
9440,"2013-11-11 12:35:07.000000",164,520
5948,"2013-11-06 22:30:07.000000",164,522
5110,"2013-11-09 01:02:31.000000",164,523
9887,"2013-11-07 02:34:13.000000",164,523
9216,"2013-11-13 10:06:02.000000",165,529
2432,"2013-11-09 09:40:57.000000",165,529
3349,"2013-11-10 07:06:49.000000",165,529
4516,"2013-11-09 15:40:54.000000",165,525
7865,"2013-11-08 12:05:37.000000",166,531
2364,"2013-11-13 11:44:39.000000",166,531
4423,"2013-11-07 20:26:32.000000",166,532
6043,"2013-11-13 12:54:55.000000",166,531
6314,"2013-11-12 07:24:59.000000",166,532
533,"2013-11-09 13:29:42.000000",166,530
161,"2013-11-13 15:00:19.000000",166,531
5147,"2013-11-08 07:42:31.000000",166,532
3331,"2013-11-11 12:09:30.000000",167,537
250,"2013-11-12 16:41:13.000000",167,536
9682,"2013-11-11 10:15:46.000000",167,534
444,"2013-11-07 10:42:36.000000",167,535
5010,"2013-11-09 13:08:12.000000",168,538
8610,"2013-11-12 05:39:11.000000",168,538
9645,"2013-11-12 17:58:11.000000",168,538
7437,"2013-11-10 14:18:31.000000",168,538
7940,"2013-11-11 19:29:41.000000",168,538
9280,"2013-11-07 21:59:41.000000",169,539
8964,"2013-11-11 18:26:27.000000",169,539
1270,"2013-11-08 15:19:25.000000",169,539
8654,"2013-11-07 10:15:09.000000",169,539
1519,"2013-11-07 09:24:09.000000",169,539
158,"2013-11-07 02:36:07.000000",169,539
1288,"2013-11-09 19:32:05.000000",169,539
2600,"2013-11-10 00:34:14.000000",170,541
7398,"2013-11-13 08:42:54.000000",170,540
7151,"2013-11-07 22:57:53.000000",170,541
345,"2013-11-09 18:43:23.000000",170,540
5457,"2013-11-13 06:48:47.000000",170,542
1460,"2013-11-09 22:09:38.000000",170,542
6778,"2013-11-11 11:24:56.000000",170,540
3440,"2013-11-06 23:43:14.000000",171,544
2157,"2013-11-08 05:12:48.000000",171,544
3118,"2013-11-12 02:50:28.000000",171,543
810,"2013-11-11 14:57:13.000000",171,545
7912,"2013-11-12 21:33:44.000000",171,543
894,"2013-11-13 10:58:53.000000",172,546
7920,"2013-11-13 07:54:49.000000",172,548
2011,"2013-11-09 21:42:46.000000",172,546
517,"2013-11-07 15:51:15.000000",172,547
8313,"2013-11-09 22:36:24.000000",172,547
1120,"2013-11-11 11:19:42.000000",172,547
5020,"2013-11-11 04:18:32.000000",172,548
3112,"2013-11-10 09:45:32.000000",172,546
6838,"2013-11-10 10:12:47.000000",172,547
9850,"2013-11-09 12:26:39.000000",174,555
4570,"2013-11-11 16:05:02.000000",174,554
8920,"2013-11-12 06:55:50.000000",175,556
6237,"2013-11-11 16:05:18.000000",175,557
3874,"2013-11-09 16:59:41.000000",175,556
7534,"2013-11-07 20:38:31.000000",175,557
4822,"2013-11-12 02:34:30.000000",175,557
7865,"2013-11-11 06:35:51.000000",176,560
5763,"2013-11-10 22:23:49.000000",176,561
3479,"2013-11-12 11:50:07.000000",176,559
8274,"2013-11-10 02:32:09.000000",176,561
2900,"2013-11-11 12:38:08.000000",176,558
6594,"2013-11-10 02:00:25.000000",176,559
2980,"2013-11-09 05:08:26.000000",176,559
3250,"2013-11-07 14:26:45.000000",176,559
5170,"2013-11-07 02:20:21.000000",176,561
8899,"2013-11-12 04:53:29.000000",177,565
2576,"2013-11-07 20:43:36.000000",177,563
5710,"2013-11-07 04:07:09.000000",177,565
9391,"2013-11-12 08:06:06.000000",177,565
787,"2013-11-07 16:41:34.000000",177,564
6417,"2013-11-08 15:54:42.000000",178,569
6695,"2013-11-13 08:45:37.000000",178,568
6884,"2013-11-09 01:26:37.000000",178,567
8250,"2013-11-11 16:07:04.000000",179,571
6340,"2013-11-12 12:55:32.000000",181,578
890,"2013-11-13 04:17:49.000000",181,578
6940,"2013-11-09 18:08:41.000000",181,578
2341,"2013-11-09 14:49:38.000000",181,578
9220,"2013-11-08 17:44:47.000000",182,580
8379,"2013-11-09 15:12:54.000000",182,580
5260,"2013-11-08 03:58:54.000000",182,580
6740,"2013-11-07 15:58:33.000000",182,579
8876,"2013-11-13 11:26:02.000000",183,586
8932,"2013-11-11 05:46:06.000000",183,582
6780,"2013-11-10 18:55:36.000000",184,587
2556,"2013-11-10 08:54:10.000000",184,587
7220,"2013-11-12 04:23:41.000000",184,587
1470,"2013-11-07 17:36:08.000000",184,587
8341,"2013-11-06 21:08:20.000000",184,587
8579,"2013-11-07 16:19:39.000000",184,587
814,"2013-11-12 10:38:20.000000",185,588
5247,"2013-11-12 21:16:40.000000",186,589
2099,"2013-11-11 05:19:13.000000",186,589
390,"2013-11-11 00:31:39.000000",186,589
8298,"2013-11-07 07:22:59.000000",186,590
2359,"2013-11-12 00:54:00.000000",187,591
5538,"2013-11-09 03:09:33.000000",187,593
5654,"2013-11-08 02:22:03.000000",189,599
6110,"2013-11-08 23:11:16.000000",189,596
9382,"2013-11-10 03:30:34.000000",189,597
2783,"2013-11-11 04:48:15.000000",189,599
438,"2013-11-08 18:58:55.000000",189,598
8138,"2013-11-07 07:30:21.000000",189,598
7429,"2013-11-13 09:46:29.000000",189,597
4298,"2013-11-10 04:11:56.000000",189,599
2681,"2013-11-07 23:22:03.000000",189,599
4636,"2013-11-07 20:20:19.000000",190,602
564,"2013-11-07 18:52:56.000000",190,602
4691,"2013-11-12 04:50:14.000000",190,601
4467,"2013-11-10 14:46:16.000000",190,602
8280,"2013-11-11 22:54:56.000000",190,602
6312,"2013-11-08 04:15:07.000000",190,602
2928,"2013-11-11 20:51:50.000000",191,603
4412,"2013-11-08 14:19:52.000000",191,604
2078,"2013-11-07 09:59:02.000000",191,605
8039,"2013-11-13 06:15:37.000000",191,604
7263,"2013-11-11 06:07:48.000000",192,609
3979,"2013-11-08 20:31:13.000000",192,608
7987,"2013-11-11 19:13:19.000000",192,607
458,"2013-11-08 00:38:13.000000",192,610
2542,"2013-11-13 08:52:28.000000",193,613
3921,"2013-11-13 06:47:49.000000",194,617
9140,"2013-11-11 15:26:01.000000",194,617
7066,"2013-11-06 19:20:10.000000",194,617
4561,"2013-11-10 00:32:58.000000",194,616
9721,"2013-11-08 15:07:20.000000",194,616
3920,"2013-11-09 09:13:54.000000",194,617
67,"2013-11-12 14:28:35.000000",194,617
754,"2013-11-07 04:51:22.000000",194,616
4300,"2013-11-10 21:44:29.000000",195,618
476,"2013-11-09 15:01:00.000000",196,625
4040,"2013-11-07 07:25:38.000000",197,628
7097,"2013-11-09 09:13:58.000000",197,629
7809,"2013-11-11 01:22:06.000000",198,633
9223,"2013-11-10 02:01:44.000000",198,633
4299,"2013-11-10 06:50:26.000000",198,631
7514,"2013-11-09 03:24:55.000000",198,630
9583,"2013-11-07 09:30:00.000000",198,632
2236,"2013-11-11 16:21:29.000000",198,631
4770,"2013-11-12 03:15:25.000000",200,635
7773,"2013-11-10 01:48:51.000000",201,637
2599,"2013-11-11 15:23:00.000000",201,638
2189,"2013-11-10 03:52:16.000000",201,637
3243,"2013-11-08 09:50:15.000000",202,639
7097,"2013-11-12 21:28:04.000000",202,639
7534,"2013-11-08 07:45:05.000000",202,639
4217,"2013-11-08 06:14:04.000000",202,639
1620,"2013-11-10 15:27:00.000000",202,639
9266,"2013-11-13 12:00:29.000000",202,639
5160,"2013-11-12 03:01:05.000000",202,639
8510,"2013-11-10 18:16:33.000000",202,639
482,"2013-11-11 21:50:01.000000",203,641
969,"2013-11-13 07:25:12.000000",203,641
6567,"2013-11-09 21:30:56.000000",203,641
8980,"2013-11-13 00:18:08.000000",203,641
8078,"2013-11-06 18:36:16.000000",203,641
7120,"2013-11-08 20:25:11.000000",204,644
4281,"2013-11-11 11:31:55.000000",205,646
7981,"2013-11-11 01:39:34.000000",205,646
1145,"2013-11-12 08:32:28.000000",205,646
9738,"2013-11-07 10:28:08.000000",205,646
2935,"2013-11-08 19:25:28.000000",205,646
7823,"2013-11-11 22:35:23.000000",205,646
8428,"2013-11-12 11:22:10.000000",205,646
5215,"2013-11-07 04:06:45.000000",205,646
2210,"2013-11-13 11:41:20.000000",207,650
8238,"2013-11-07 18:38:04.000000",207,651
2729,"2013-11-09 19:27:19.000000",207,652
3590,"2013-11-10 02:03:17.000000",207,650
3667,"2013-11-12 18:52:17.000000",207,652
8550,"2013-11-10 09:02:52.000000",207,650
828,"2013-11-10 12:49:28.000000",207,653
5767,"2013-11-09 12:12:18.000000",207,652
6431,"2013-11-09 09:46:05.000000",207,653
1593,"2013-11-10 15:25:48.000000",208,654
7381,"2013-11-07 21:05:14.000000",208,656
3411,"2013-11-09 10:17:44.000000",209,662
3634,"2013-11-07 23:29:32.000000",209,660
3148,"2013-11-12 05:35:33.000000",209,662
4150,"2013-11-09 14:47:06.000000",209,662
8028,"2013-11-09 21:25:41.000000",209,660
491,"2013-11-08 22:19:49.000000",209,661
5914,"2013-11-13 00:47:13.000000",209,660
661,"2013-11-13 11:42:26.000000",210,664
6070,"2013-11-12 13:58:20.000000",210,664
1355,"2013-11-09 05:28:50.000000",210,664
6350,"2013-11-12 00:50:32.000000",210,664
2681,"2013-11-07 05:29:46.000000",210,664
6912,"2013-11-12 06:26:18.000000",211,665
8790,"2013-11-11 00:05:19.000000",211,665
3472,"2013-11-12 20:03:00.000000",211,665
3096,"2013-11-07 00:01:35.000000",211,666
2030,"2013-11-11 21:37:15.000000",211,665
9332,"2013-11-10 12:01:05.000000",211,666
4521,"2013-11-12 22:56:28.000000",211,666
5874,"2013-11-13 13:24:55.000000",211,666
4926,"2013-11-07 07:55:08.000000",211,665
7765,"2013-11-08 18:34:46.000000",212,668
4721,"2013-11-09 17:34:40.000000",212,670
9640,"2013-11-08 00:15:25.000000",212,667
574,"2013-11-07 12:38:46.000000",212,668
5393,"2013-11-13 03:46:08.000000",212,668
5670,"2013-11-10 12:07:51.000000",212,670
5376,"2013-11-07 05:29:44.000000",212,667
1948,"2013-11-10 20:12:36.000000",212,669
4914,"2013-11-11 16:20:41.000000",212,669
4614,"2013-11-10 19:43:12.000000",213,671
3239,"2013-11-08 05:26:08.000000",214,674
5318,"2013-11-12 09:46:58.000000",214,673
5034,"2013-11-12 13:18:35.000000",214,673
2154,"2013-11-07 12:43:40.000000",214,674
6645,"2013-11-11 20:00:00.000000",214,673
9820,"2013-11-12 08:57:38.000000",214,672
514,"2013-11-11 12:20:13.000000",214,674
9290,"2013-11-13 10:39:08.000000",214,674
9173,"2013-11-08 10:11:16.000000",215,677
6525,"2013-11-10 20:25:09.000000",215,676
5315,"2013-11-13 16:07:15.000000",215,675
7025,"2013-11-07 13:12:25.000000",215,675
5657,"2013-11-09 20:56:20.000000",215,677
8599,"2013-11-09 20:45:58.000000",215,677
1269,"2013-11-09 09:04:43.000000",216,682
7439,"2013-11-06 22:54:45.000000",216,680
4276,"2013-11-09 18:26:37.000000",216,678
2231,"2013-11-09 22:32:53.000000",216,681
4300,"2013-11-12 05:35:39.000000",216,680
6014,"2013-11-12 01:30:04.000000",216,681
2317,"2013-11-06 20:45:58.000000",216,679
24,"2013-11-10 20:28:36.000000",216,681
9240,"2013-11-11 08:59:51.000000",217,683
4218,"2013-11-06 22:19:29.000000",217,683
2659,"2013-11-13 13:45:25.000000",217,683
3268,"2013-11-13 01:17:43.000000",217,683
2445,"2013-11-09 16:34:00.000000",217,683
9880,"2013-11-09 14:19:13.000000",217,683
5869,"2013-11-13 06:26:40.000000",217,683
3290,"2013-11-08 16:00:16.000000",217,683
6734,"2013-11-10 14:03:17.000000",217,683
3317,"2013-11-12 03:17:47.000000",219,689
7700,"2013-11-07 02:55:33.000000",219,690
6813,"2013-11-13 00:52:21.000000",220,694
6841,"2013-11-10 10:57:23.000000",220,694
6880,"2013-11-11 14:53:31.000000",220,694
8011,"2013-11-06 21:35:13.000000",221,699
834,"2013-11-13 10:08:07.000000",221,698
7023,"2013-11-12 06:55:41.000000",221,695
4847,"2013-11-13 15:50:38.000000",221,695
2944,"2013-11-13 16:12:50.000000",222,701
3878,"2013-11-12 00:32:44.000000",222,703
5836,"2013-11-13 07:26:39.000000",222,701
3147,"2013-11-13 11:17:10.000000",223,705
7019,"2013-11-13 08:41:20.000000",224,707
9233,"2013-11-11 15:25:54.000000",225,713
1365,"2013-11-12 17:12:32.000000",226,714
9054,"2013-11-13 07:00:35.000000",226,714
9872,"2013-11-07 13:40:33.000000",227,715
3170,"2013-11-07 23:04:27.000000",227,715
4587,"2013-11-07 03:55:02.000000",227,715
1192,"2013-11-12 12:42:32.000000",227,715
9470,"2013-11-11 19:50:11.000000",228,716
7220,"2013-11-08 12:22:36.000000",228,716
7264,"2013-11-08 13:02:16.000000",228,716
7270,"2013-11-07 23:12:20.000000",228,716
6619,"2013-11-11 19:01:55.000000",229,719
2948,"2013-11-08 00:01:15.000000",229,719
376,"2013-11-07 15:45:05.000000",229,718
4890,"2013-11-08 05:21:11.000000",229,721
6217,"2013-11-10 07:47:22.000000",229,720
5651,"2013-11-08 06:08:37.000000",229,717
6888,"2013-11-08 09:42:54.000000",229,717
560,"2013-11-10 15:05:39.000000",229,718
1259,"2013-11-11 22:12:25.000000",229,720
9660,"2013-11-08 03:19:22.000000",230,723
8897,"2013-11-13 15:09:20.000000",230,722
5517,"2013-11-10 18:30:17.000000",230,724
6709,"2013-11-12 10:25:21.000000",231,729
8484,"2013-11-08 12:47:52.000000",231,727
3852,"2013-11-07 12:18:51.000000",231,725
7690,"2013-11-11 13:18:40.000000",231,728
9172,"2013-11-07 02:33:16.000000",231,727
2370,"2013-11-07 08:08:09.000000",231,729
2469,"2013-11-07 20:40:07.000000",232,730
6652,"2013-11-10 09:59:53.000000",232,730
1275,"2013-11-11 02:55:18.000000",233,733
1541,"2013-11-10 17:47:47.000000",233,736
4478,"2013-11-11 12:44:27.000000",233,736
2570,"2013-11-10 09:17:50.000000",234,737
3393,"2013-11-08 22:43:32.000000",234,737
6217,"2013-11-11 02:26:49.000000",235,739
2827,"2013-11-08 22:07:12.000000",235,739
5298,"2013-11-09 08:03:39.000000",235,739
3810,"2013-11-11 05:11:10.000000",235,738
7737,"2013-11-09 06:27:27.000000",235,739
4124,"2013-11-11 00:43:11.000000",235,739
9880,"2013-11-07 17:46:20.000000",235,738
983,"2013-11-12 17:55:32.000000",235,739
4275,"2013-11-09 17:19:30.000000",236,740
649,"2013-11-12 00:04:12.000000",236,740
6956,"2013-11-07 16:58:43.000000",236,740
6345,"2013-11-11 22:12:16.000000",236,740
2364,"2013-11-08 13:09:15.000000",236,740
4955,"2013-11-13 16:19:05.000000",237,745
7997,"2013-11-07 05:00:10.000000",237,742
4823,"2013-11-10 06:00:29.000000",237,741
2475,"2013-11-11 13:46:33.000000",239,750
8083,"2013-11-12 01:06:21.000000",239,750
8668,"2013-11-09 06:27:12.000000",239,750
6043,"2013-11-10 22:57:22.000000",239,750
8175,"2013-11-10 07:53:55.000000",239,750
4268,"2013-11-08 18:10:24.000000",239,750
6933,"2013-11-12 20:17:25.000000",239,750
880,"2013-11-08 00:46:56.000000",239,750
873,"2013-11-10 01:14:15.000000",239,750
9113,"2013-11-10 16:55:25.000000",240,751
1761,"2013-11-07 02:15:13.000000",240,755
5024,"2013-11-13 16:02:07.000000",240,754
8168,"2013-11-11 01:30:09.000000",241,757
1335,"2013-11-06 21:50:34.000000",241,759
6994,"2013-11-11 01:36:04.000000",241,760
8388,"2013-11-10 21:44:46.000000",241,758
6142,"2013-11-08 05:03:53.000000",241,758
3760,"2013-11-11 06:12:10.000000",241,759
265,"2013-11-07 10:03:40.000000",241,756
540,"2013-11-08 15:42:13.000000",241,756
3570,"2013-11-07 13:23:08.000000",241,760
2831,"2013-11-09 23:05:51.000000",242,762
3646,"2013-11-08 17:47:58.000000",242,763
4929,"2013-11-12 13:38:19.000000",242,763
610,"2013-11-07 05:17:25.000000",243,768
7430,"2013-11-13 15:28:26.000000",244,769
4115,"2013-11-13 08:03:32.000000",244,772
7278,"2013-11-11 10:15:20.000000",244,769
8479,"2013-11-11 12:44:17.000000",244,770
2925,"2013-11-13 02:20:43.000000",244,770
5999,"2013-11-08 19:31:12.000000",244,770
3876,"2013-11-07 23:21:53.000000",245,774
3956,"2013-11-07 10:14:17.000000",245,776
7943,"2013-11-08 18:27:24.000000",245,773
5665,"2013-11-10 21:09:57.000000",245,776
2180,"2013-11-11 17:03:30.000000",245,774
3538,"2013-11-07 19:04:03.000000",245,773
328,"2013-11-10 20:10:40.000000",245,773
3686,"2013-11-11 07:50:29.000000",246,778
1997,"2013-11-07 00:40:56.000000",246,778
7266,"2013-11-08 21:08:26.000000",246,777
2222,"2013-11-09 04:22:16.000000",247,780
1726,"2013-11-13 15:16:41.000000",247,781
7252,"2013-11-09 02:11:59.000000",247,780
6783,"2013-11-06 19:32:09.000000",248,784
796,"2013-11-11 16:38:07.000000",248,785
1839,"2013-11-11 02:49:37.000000",249,789
639,"2013-11-08 14:34:30.000000",249,787
1811,"2013-11-08 23:45:50.000000",249,787
3722,"2013-11-08 05:16:06.000000",250,790
2834,"2013-11-11 01:28:16.000000",251,795
4760,"2013-11-07 22:51:41.000000",251,794
4651,"2013-11-10 08:06:16.000000",251,795
2010,"2013-11-12 08:05:00.000000",251,797
8572,"2013-11-08 21:40:18.000000",251,794
3927,"2013-11-10 23:28:42.000000",251,796
8990,"2013-11-07 07:36:43.000000",251,797
4729,"2013-11-13 08:17:15.000000",252,800
2617,"2013-11-12 02:48:13.000000",252,799
4610,"2013-11-13 13:32:12.000000",252,799
8991,"2013-11-08 07:51:08.000000",252,800
3295,"2013-11-11 07:16:51.000000",252,799
4365,"2013-11-08 13:55:31.000000",252,800
7231,"2013-11-12 01:54:41.000000",252,800
8642,"2013-11-08 13:23:32.000000",253,802
6264,"2013-11-08 10:52:06.000000",253,801
813,"2013-11-11 10:13:18.000000",253,802
1349,"2013-11-09 11:30:19.000000",253,801
152,"2013-11-09 15:47:23.000000",253,802
948,"2013-11-12 17:29:26.000000",253,801
3753,"2013-11-10 07:13:38.000000",254,803
2210,"2013-11-10 06:35:09.000000",254,805
3797,"2013-11-07 05:41:02.000000",254,806
2619,"2013-11-07 06:04:37.000000",254,803
5491,"2013-11-10 11:47:28.000000",256,808
9844,"2013-11-08 23:37:54.000000",256,808
1878,"2013-11-10 14:47:21.000000",256,808
1165,"2013-11-08 00:35:26.000000",256,809
1110,"2013-11-08 10:23:45.000000",256,808
2580,"2013-11-08 13:30:05.000000",256,808
2946,"2013-11-07 11:38:26.000000",256,808
1985,"2013-11-12 17:51:12.000000",256,809
2453,"2013-11-09 14:32:15.000000",256,809
2123,"2013-11-09 05:20:02.000000",257,812
1848,"2013-11-12 13:13:45.000000",257,812
3722,"2013-11-07 10:03:26.000000",257,812
9127,"2013-11-11 08:46:36.000000",257,811
9776,"2013-11-07 08:30:00.000000",257,811
1520,"2013-11-10 07:42:43.000000",258,813
9141,"2013-11-11 12:56:18.000000",258,813
2477,"2013-11-13 15:38:36.000000",258,813
7809,"2013-11-07 16:23:06.000000",259,816
1685,"2013-11-12 21:58:27.000000",259,815
2319,"2013-11-12 05:58:17.000000",259,815
2028,"2013-11-08 01:45:59.000000",259,814
5244,"2013-11-08 18:12:05.000000",259,815
7048,"2013-11-08 13:43:03.000000",259,815
6922,"2013-11-07 03:44:23.000000",260,818
8461,"2013-11-13 03:17:28.000000",261,821
6298,"2013-11-07 09:11:01.000000",261,819
8754,"2013-11-09 19:34:15.000000",261,819
1477,"2013-11-10 08:30:37.000000",261,821
3936,"2013-11-08 08:11:17.000000",262,824
1143,"2013-11-09 10:10:13.000000",262,823
9731,"2013-11-10 20:17:25.000000",262,824
4754,"2013-11-11 17:21:49.000000",262,822
3434,"2013-11-06 23:24:48.000000",262,823
2916,"2013-11-08 03:26:04.000000",262,825
7923,"2013-11-10 08:21:02.000000",262,822
3927,"2013-11-08 09:27:58.000000",262,823
4924,"2013-11-11 04:41:37.000000",262,824
7538,"2013-11-08 00:41:36.000000",263,826
1732,"2013-11-08 15:11:32.000000",263,826
941,"2013-11-12 17:39:31.000000",263,829
8486,"2013-11-11 18:42:15.000000",263,827
2020,"2013-11-07 15:10:01.000000",263,826
3879,"2013-11-11 09:11:01.000000",263,829
56,"2013-11-11 19:58:03.000000",263,828
8712,"2013-11-11 18:40:28.000000",263,827
1850,"2013-11-12 22:13:54.000000",263,826
7765,"2013-11-13 08:19:13.000000",264,831
742,"2013-11-07 16:07:52.000000",264,831
6766,"2013-11-11 14:57:07.000000",264,831
9450,"2013-11-10 05:04:23.000000",264,830
8327,"2013-11-06 20:13:20.000000",264,831
7553,"2013-11-09 11:36:54.000000",265,833
3332,"2013-11-11 18:03:00.000000",265,835
8965,"2013-11-12 02:23:37.000000",267,837
7444,"2013-11-07 21:12:51.000000",268,839
7548,"2013-11-12 18:05:33.000000",268,838
2459,"2013-11-09 14:54:19.000000",268,839
8285,"2013-11-08 11:24:08.000000",269,844
66,"2013-11-13 15:52:53.000000",269,844
4690,"2013-11-10 05:35:23.000000",269,845
9350,"2013-11-11 19:48:00.000000",269,845
2027,"2013-11-08 01:46:56.000000",269,844
4032,"2013-11-10 08:14:42.000000",269,843
4935,"2013-11-06 16:52:59.000000",270,847
8993,"2013-11-10 11:29:09.000000",270,847
4350,"2013-11-10 03:10:25.000000",270,847
6055,"2013-11-07 16:35:58.000000",270,847
6192,"2013-11-13 08:18:27.000000",270,847
8690,"2013-11-07 16:58:03.000000",271,849
5128,"2013-11-10 17:22:40.000000",271,851
3531,"2013-11-11 21:19:41.000000",271,851
4277,"2013-11-10 19:32:13.000000",271,849
4726,"2013-11-07 16:45:23.000000",271,851
1449,"2013-11-08 22:26:43.000000",271,851
5031,"2013-11-11 11:06:10.000000",272,853
9800,"2013-11-11 02:03:55.000000",272,853
3892,"2013-11-12 00:01:45.000000",272,853
5240,"2013-11-11 20:28:52.000000",272,853
9571,"2013-11-06 18:50:10.000000",273,854
8062,"2013-11-13 09:04:08.000000",273,854
7418,"2013-11-10 07:41:36.000000",273,854
5144,"2013-11-11 00:58:59.000000",273,854
6285,"2013-11-12 00:10:26.000000",273,854
5277,"2013-11-09 09:29:04.000000",273,854
8122,"2013-11-11 18:12:53.000000",273,854
1325,"2013-11-07 01:35:24.000000",273,854
2421,"2013-11-11 18:51:40.000000",273,854
8623,"2013-11-11 00:38:10.000000",274,858
9530,"2013-11-09 14:25:29.000000",274,858
9483,"2013-11-11 08:00:20.000000",274,856
215,"2013-11-08 23:28:46.000000",274,859
5228,"2013-11-12 17:31:40.000000",274,856
9117,"2013-11-10 14:27:14.000000",274,857
8460,"2013-11-07 14:57:42.000000",274,858
5342,"2013-11-09 03:30:26.000000",274,857
2210,"2013-11-10 13:43:58.000000",275,860
6956,"2013-11-10 23:05:42.000000",275,862
3613,"2013-11-07 12:02:04.000000",275,863
6993,"2013-11-08 04:25:58.000000",275,862
1978,"2013-11-09 03:50:47.000000",275,861
3372,"2013-11-08 09:07:39.000000",275,863
2178,"2013-11-13 09:53:25.000000",276,864
8652,"2013-11-10 17:30:29.000000",276,864
2827,"2013-11-13 05:04:57.000000",276,868
7870,"2013-11-12 11:34:38.000000",276,864
9220,"2013-11-10 15:06:40.000000",277,869
1050,"2013-11-09 05:58:03.000000",277,869
8651,"2013-11-07 07:50:07.000000",277,870
6494,"2013-11-07 17:47:07.000000",277,869
848,"2013-11-09 01:56:36.000000",277,870
5491,"2013-11-10 22:13:14.000000",277,869
3750,"2013-11-11 19:02:47.000000",278,871
2684,"2013-11-13 03:11:32.000000",278,871
8829,"2013-11-12 21:15:24.000000",278,871
8466,"2013-11-12 21:35:02.000000",279,872
8330,"2013-11-07 08:25:15.000000",280,878
9432,"2013-11-12 17:17:35.000000",280,877
8050,"2013-11-08 11:59:04.000000",280,877
50,"2013-11-09 06:35:43.000000",280,878
6178,"2013-11-07 05:53:16.000000",280,878
2744,"2013-11-09 05:59:47.000000",280,879
482,"2013-11-12 05:50:41.000000",280,878
720,"2013-11-10 17:37:00.000000",280,879
2138,"2013-11-10 16:23:56.000000",283,889
1960,"2013-11-10 10:21:22.000000",283,887
7059,"2013-11-07 17:59:52.000000",283,889
8451,"2013-11-10 00:26:31.000000",283,890
7693,"2013-11-07 22:11:41.000000",283,888
1675,"2013-11-13 07:20:14.000000",283,889
1464,"2013-11-08 16:42:16.000000",283,887
1160,"2013-11-08 18:31:29.000000",284,891
1694,"2013-11-09 14:11:39.000000",284,891
2559,"2013-11-08 05:52:11.000000",284,892
4512,"2013-11-13 02:21:16.000000",284,891
6690,"2013-11-07 11:26:57.000000",285,893
6548,"2013-11-07 18:17:55.000000",285,894
3985,"2013-11-13 09:12:51.000000",286,899
4058,"2013-11-07 22:13:54.000000",286,899
5435,"2013-11-06 23:08:26.000000",286,895
4910,"2013-11-13 02:19:15.000000",287,901
582,"2013-11-10 12:27:54.000000",287,903
8816,"2013-11-10 01:24:56.000000",287,902
3443,"2013-11-11 08:10:31.000000",287,903
3550,"2013-11-08 17:46:06.000000",287,902
6755,"2013-11-09 01:53:43.000000",287,901
7245,"2013-11-13 01:25:25.000000",288,904
9537,"2013-11-12 12:23:45.000000",289,906
8550,"2013-11-12 13:21:14.000000",289,905
7847,"2013-11-13 00:07:48.000000",289,906
5992,"2013-11-11 04:37:14.000000",289,906
1019,"2013-11-13 05:41:45.000000",289,906
8187,"2013-11-12 21:07:40.000000",290,909
3626,"2013-11-09 14:16:38.000000",290,910
370,"2013-11-06 22:16:15.000000",290,908
1964,"2013-11-11 07:18:10.000000",290,908
5258,"2013-11-11 09:58:37.000000",290,911
2593,"2013-11-07 20:00:56.000000",290,909
4962,"2013-11-10 20:58:13.000000",290,908
3137,"2013-11-08 07:15:11.000000",290,908
3318,"2013-11-10 04:07:22.000000",290,909
5091,"2013-11-08 10:20:26.000000",291,912
7751,"2013-11-06 18:33:18.000000",291,912
6099,"2013-11-09 02:45:37.000000",292,914
1082,"2013-11-11 21:58:19.000000",292,914
4675,"2013-11-11 20:32:21.000000",292,914
3249,"2013-11-13 06:40:08.000000",292,914
1591,"2013-11-07 01:31:07.000000",292,914
121,"2013-11-09 15:01:28.000000",292,914
3340,"2013-11-12 12:35:17.000000",294,921
8890,"2013-11-11 09:50:57.000000",294,919
8971,"2013-11-12 22:08:23.000000",294,921
5643,"2013-11-11 13:54:36.000000",294,921
1973,"2013-11-07 22:16:10.000000",294,921
9630,"2013-11-09 03:32:46.000000",294,920
5999,"2013-11-13 16:13:34.000000",295,922
4918,"2013-11-07 17:12:03.000000",295,922
5585,"2013-11-07 13:38:13.000000",296,926
5080,"2013-11-09 04:27:41.000000",296,927
8979,"2013-11-10 21:55:29.000000",296,925
4686,"2013-11-12 10:28:40.000000",296,926
3536,"2013-11-10 08:35:42.000000",296,927
8739,"2013-11-13 10:42:32.000000",297,928
1156,"2013-11-07 21:32:22.000000",297,928
1618,"2013-11-10 21:02:11.000000",297,928
3354,"2013-11-06 18:50:22.000000",299,936
1957,"2013-11-09 23:33:14.000000",299,937
9746,"2013-11-06 22:48:38.000000",300,938
5147,"2013-11-12 15:20:12.000000",300,938
7548,"2013-11-07 00:45:47.000000",300,938
2659,"2013-11-10 16:31:46.000000",300,938
6875,"2013-11-12 12:32:16.000000",300,938
8233,"2013-11-11 18:53:36.000000",300,938
8489,"2013-11-09 19:23:07.000000",301,942
8876,"2013-11-10 23:12:42.000000",302,943
4054,"2013-11-08 07:02:05.000000",302,943
6550,"2013-11-10 19:54:39.000000",302,943
9850,"2013-11-13 01:37:16.000000",302,943
8652,"2013-11-10 05:59:28.000000",302,943
6848,"2013-11-12 08:53:39.000000",303,946
665,"2013-11-11 03:25:03.000000",303,946
5087,"2013-11-12 15:56:20.000000",303,946
2974,"2013-11-08 11:26:46.000000",304,949
9127,"2013-11-12 16:20:57.000000",304,947
340,"2013-11-07 16:26:42.000000",304,948
59,"2013-11-07 16:01:53.000000",304,949
918,"2013-11-11 08:14:05.000000",304,948
2924,"2013-11-13 12:48:51.000000",304,949
3646,"2013-11-10 03:14:01.000000",304,949
3040,"2013-11-13 05:50:23.000000",305,950
9223,"2013-11-10 04:14:12.000000",305,951
1343,"2013-11-10 15:34:30.000000",305,951
7570,"2013-11-12 04:53:16.000000",305,950
816,"2013-11-11 21:47:23.000000",305,951
2048,"2013-11-10 11:05:25.000000",305,951
6929,"2013-11-12 07:43:17.000000",305,950
1680,"2013-11-11 23:15:53.000000",305,951
4131,"2013-11-11 22:45:18.000000",305,951
6877,"2013-11-10 01:03:16.000000",306,952
2220,"2013-11-11 08:31:22.000000",306,952
3268,"2013-11-08 19:44:30.000000",307,955
4590,"2013-11-12 07:08:17.000000",308,958
3710,"2013-11-08 08:41:07.000000",308,958
3290,"2013-11-08 15:29:47.000000",308,959
2874,"2013-11-10 07:34:34.000000",308,956
9360,"2013-11-07 23:31:23.000000",309,960
9238,"2013-11-11 02:46:48.000000",309,960
1557,"2013-11-07 19:35:24.000000",309,960
5510,"2013-11-07 12:41:07.000000",309,960
7623,"2013-11-09 22:14:15.000000",309,960
885,"2013-11-11 18:14:31.000000",309,960
2662,"2013-11-09 03:32:07.000000",309,960
3135,"2013-11-09 18:05:33.000000",309,960
7430,"2013-11-11 19:55:23.000000",310,961
143,"2013-11-10 05:59:07.000000",311,965
2088,"2013-11-12 01:09:16.000000",311,964
2352,"2013-11-09 15:04:03.000000",311,964
5471,"2013-11-08 20:44:41.000000",312,967
4599,"2013-11-11 07:16:54.000000",312,966
7641,"2013-11-07 15:32:00.000000",312,967
7853,"2013-11-10 16:32:48.000000",312,966
1342,"2013-11-10 09:45:08.000000",312,968
1081,"2013-11-10 07:31:20.000000",312,966
7920,"2013-11-08 17:07:55.000000",312,967
4350,"2013-11-13 07:23:58.000000",312,966
817,"2013-11-09 20:30:44.000000",312,968
7822,"2013-11-09 21:56:28.000000",313,971
7455,"2013-11-09 01:00:42.000000",313,970
8553,"2013-11-09 03:53:40.000000",313,969
3188,"2013-11-07 06:07:10.000000",314,973
1014,"2013-11-12 05:07:45.000000",314,974
5092,"2013-11-08 02:05:43.000000",314,976
7798,"2013-11-13 05:32:50.000000",314,975
5370,"2013-11-13 03:46:33.000000",314,973
1028,"2013-11-08 09:40:01.000000",314,975
3619,"2013-11-08 09:10:15.000000",314,973
3635,"2013-11-13 01:31:36.000000",315,977
4327,"2013-11-11 00:53:32.000000",315,977
2636,"2013-11-09 05:20:11.000000",315,978
4337,"2013-11-08 15:24:53.000000",316,980
8950,"2013-11-09 08:59:38.000000",316,980
6116,"2013-11-11 13:22:47.000000",316,979
8650,"2013-11-12 02:44:05.000000",316,980
5892,"2013-11-11 08:20:11.000000",316,981
3990,"2013-11-08 03:51:01.000000",316,980
4926,"2013-11-06 16:56:31.000000",317,983
2118,"2013-11-08 17:40:14.000000",317,983
9426,"2013-11-08 14:09:33.000000",317,982
8415,"2013-11-12 03:13:58.000000",318,986
539,"2013-11-10 01:03:21.000000",318,986
1283,"2013-11-12 09:17:43.000000",318,986
927,"2013-11-10 22:16:43.000000",319,990
5377,"2013-11-07 12:32:57.000000",319,989
6777,"2013-11-07 15:41:36.000000",319,989
3433,"2013-11-12 04:20:15.000000",319,988
3215,"2013-11-12 17:26:52.000000",320,991
3011,"2013-11-09 02:07:11.000000",321,993
8246,"2013-11-13 03:13:10.000000",321,994
4360,"2013-11-09 04:54:59.000000",321,994
2988,"2013-11-10 08:01:04.000000",322,997
8865,"2013-11-12 00:27:05.000000",322,996
461,"2013-11-11 20:10:47.000000",323,1001
9727,"2013-11-11 11:07:09.000000",324,1003
8430,"2013-11-08 13:53:32.000000",324,1002
1341,"2013-11-07 06:33:05.000000",324,1002
4676,"2013-11-07 06:37:28.000000",325,1005
2341,"2013-11-10 06:26:01.000000",325,1005
669,"2013-11-07 16:10:46.000000",325,1006
8036,"2013-11-10 03:58:14.000000",325,1006
4685,"2013-11-08 12:25:25.000000",325,1008
2679,"2013-11-07 16:19:18.000000",326,1010
2010,"2013-11-12 12:19:33.000000",327,1015
0,"2013-11-08 12:50:03.000000",327,1014
6361,"2013-11-07 10:42:33.000000",327,1016
7754,"2013-11-07 15:27:22.000000",327,1016
5156,"2013-11-08 07:27:28.000000",327,1013
6645,"2013-11-10 22:55:15.000000",327,1016
9858,"2013-11-12 04:37:06.000000",327,1017
1312,"2013-11-08 01:04:30.000000",328,1018
4214,"2013-11-08 21:43:27.000000",328,1018
3636,"2013-11-11 03:21:08.000000",328,1018
655,"2013-11-11 11:00:03.000000",328,1018
2939,"2013-11-08 04:40:20.000000",328,1018
8659,"2013-11-08 01:33:29.000000",329,1019
7284,"2013-11-07 21:25:06.000000",330,1020
2420,"2013-11-10 04:41:14.000000",331,1023
3870,"2013-11-07 22:39:02.000000",331,1023
4547,"2013-11-08 14:20:19.000000",331,1023
131,"2013-11-08 10:53:56.000000",331,1023
4826,"2013-11-07 09:20:46.000000",332,1024
1821,"2013-11-11 09:01:08.000000",332,1024
549,"2013-11-08 23:28:46.000000",332,1025
8184,"2013-11-12 00:06:56.000000",332,1024
4852,"2013-11-08 19:49:56.000000",332,1024
9266,"2013-11-08 00:21:14.000000",332,1024
8298,"2013-11-11 08:22:50.000000",332,1025
3840,"2013-11-10 20:19:12.000000",332,1024
2737,"2013-11-12 03:11:41.000000",332,1025
6881,"2013-11-08 06:57:51.000000",333,1030
4760,"2013-11-11 22:40:26.000000",333,1027
3052,"2013-11-10 19:21:05.000000",334,1031
4418,"2013-11-10 04:08:34.000000",334,1032
1689,"2013-11-13 07:58:59.000000",334,1032
6117,"2013-11-10 17:38:27.000000",334,1032
7297,"2013-11-09 18:31:45.000000",334,1033
1411,"2013-11-07 17:43:29.000000",334,1032
3847,"2013-11-10 22:22:27.000000",335,1035
311,"2013-11-09 01:38:40.000000",335,1034
3036,"2013-11-11 22:41:07.000000",335,1035
7952,"2013-11-10 10:35:32.000000",336,1038
788,"2013-11-09 05:49:48.000000",336,1036
458,"2013-11-09 12:59:53.000000",337,1041
6675,"2013-11-09 19:55:35.000000",337,1041
5846,"2013-11-10 05:32:22.000000",338,1042
4175,"2013-11-10 11:50:28.000000",338,1042
9777,"2013-11-10 16:24:38.000000",338,1042
2621,"2013-11-07 09:04:12.000000",338,1042
9830,"2013-11-07 22:38:25.000000",338,1042
681,"2013-11-12 19:12:02.000000",338,1042
534,"2013-11-08 06:43:55.000000",338,1042
3938,"2013-11-12 06:51:54.000000",339,1043
9325,"2013-11-12 22:39:49.000000",339,1043
9478,"2013-11-13 12:14:09.000000",339,1043
2546,"2013-11-11 08:24:09.000000",339,1043
4998,"2013-11-09 15:28:00.000000",339,1043
8822,"2013-11-13 10:09:10.000000",339,1043
2559,"2013-11-11 01:16:59.000000",339,1043
5187,"2013-11-10 17:43:34.000000",339,1043
315,"2013-11-08 07:41:20.000000",340,1044
1719,"2013-11-09 04:27:45.000000",340,1044
9156,"2013-11-12 14:25:06.000000",340,1044
8398,"2013-11-13 01:03:27.000000",340,1044
5722,"2013-11-08 18:31:01.000000",340,1044
2554,"2013-11-11 09:01:41.000000",340,1044
6359,"2013-11-07 16:11:21.000000",340,1044
8616,"2013-11-09 02:03:15.000000",341,1046
5868,"2013-11-12 09:31:55.000000",341,1047
8023,"2013-11-12 01:21:25.000000",341,1046
1028,"2013-11-06 23:11:40.000000",341,1045
7692,"2013-11-09 18:18:21.000000",341,1046
5511,"2013-11-11 17:55:25.000000",342,1048
7443,"2013-11-07 14:26:58.000000",342,1048
9861,"2013-11-12 04:17:36.000000",342,1048
7027,"2013-11-06 23:56:31.000000",342,1048
7520,"2013-11-12 08:07:27.000000",342,1048
5387,"2013-11-10 23:37:18.000000",342,1048
1613,"2013-11-10 08:19:41.000000",342,1048
2360,"2013-11-07 22:00:49.000000",342,1048
4517,"2013-11-13 14:57:25.000000",343,1053
1689,"2013-11-10 12:28:49.000000",343,1049
6184,"2013-11-13 09:17:46.000000",343,1052
8672,"2013-11-08 06:51:03.000000",343,1050
9850,"2013-11-09 00:33:43.000000",343,1051
8828,"2013-11-10 21:51:22.000000",344,1054
8040,"2013-11-10 02:37:15.000000",344,1054
1573,"2013-11-11 13:52:49.000000",345,1058
9440,"2013-11-08 23:21:36.000000",345,1060
1330,"2013-11-07 22:38:16.000000",345,1060
2829,"2013-11-13 13:12:30.000000",345,1059
1330,"2013-11-11 02:42:47.000000",345,1061
9812,"2013-11-07 21:40:53.000000",345,1060
7047,"2013-11-13 13:11:14.000000",345,1058
4157,"2013-11-07 16:23:12.000000",346,1062
3090,"2013-11-13 00:04:11.000000",346,1062
5445,"2013-11-08 01:34:50.000000",346,1062
8757,"2013-11-10 20:17:32.000000",346,1063
1797,"2013-11-09 02:43:23.000000",347,1064
5528,"2013-11-11 02:54:37.000000",347,1064
836,"2013-11-09 03:59:40.000000",347,1065
4750,"2013-11-08 22:01:11.000000",347,1065
9769,"2013-11-10 15:45:36.000000",347,1066
2061,"2013-11-08 04:02:43.000000",347,1064
4286,"2013-11-10 05:38:36.000000",347,1065
9480,"2013-11-12 20:36:22.000000",348,1067
4099,"2013-11-07 21:05:08.000000",348,1069
9192,"2013-11-08 01:44:41.000000",348,1067
7184,"2013-11-08 14:07:11.000000",348,1067
6219,"2013-11-09 03:02:24.000000",348,1068
6321,"2013-11-10 14:46:36.000000",348,1067
4052,"2013-11-07 16:12:46.000000",349,1071
1842,"2013-11-09 12:56:01.000000",349,1072
4046,"2013-11-07 00:13:02.000000",349,1072
8671,"2013-11-09 20:58:29.000000",349,1071
3645,"2013-11-09 06:11:12.000000",349,1072
8156,"2013-11-13 06:22:16.000000",349,1071
6970,"2013-11-11 22:13:44.000000",349,1072
1244,"2013-11-10 10:21:02.000000",349,1071
4876,"2013-11-11 11:23:11.000000",349,1072
9879,"2013-11-13 01:33:49.000000",350,1074
7350,"2013-11-07 14:51:40.000000",351,1077
3070,"2013-11-09 09:25:16.000000",351,1077
8385,"2013-11-06 23:38:34.000000",351,1079
7326,"2013-11-11 02:33:01.000000",351,1081
81,"2013-11-11 07:00:44.000000",352,1083
1169,"2013-11-12 14:36:32.000000",352,1082
9194,"2013-11-12 15:36:24.000000",352,1082
2630,"2013-11-09 18:26:18.000000",352,1084
5790,"2013-11-11 00:23:59.000000",352,1084
2530,"2013-11-12 03:38:04.000000",353,1086
3965,"2013-11-10 16:02:11.000000",353,1086
8817,"2013-11-11 23:14:23.000000",353,1086
1375,"2013-11-11 23:23:13.000000",353,1086
5340,"2013-11-07 23:56:43.000000",353,1086
3390,"2013-11-07 07:52:35.000000",353,1086
7995,"2013-11-08 20:03:03.000000",353,1086
3030,"2013-11-10 11:16:16.000000",354,1091
6751,"2013-11-09 01:29:25.000000",354,1087
9077,"2013-11-08 04:16:57.000000",354,1091
3984,"2013-11-07 18:33:21.000000",354,1087
7331,"2013-11-10 13:24:36.000000",355,1093
1945,"2013-11-07 13:44:27.000000",355,1092
6867,"2013-11-10 07:01:33.000000",355,1094
1780,"2013-11-08 07:50:35.000000",356,1097
7342,"2013-11-07 10:36:12.000000",356,1095
6993,"2013-11-11 15:17:36.000000",356,1097
8644,"2013-11-07 19:31:57.000000",356,1095
6283,"2013-11-10 20:20:29.000000",356,1095
2647,"2013-11-11 10:02:16.000000",357,1099
3789,"2013-11-11 17:16:53.000000",357,1100
2767,"2013-11-07 06:54:15.000000",357,1098
2512,"2013-11-09 03:37:12.000000",357,1099
3810,"2013-11-11 11:55:24.000000",357,1099
5282,"2013-11-08 04:24:23.000000",357,1098
4217,"2013-11-10 23:55:28.000000",358,1101
2774,"2013-11-12 20:05:17.000000",358,1101
6036,"2013-11-13 06:08:58.000000",359,1102
8915,"2013-11-11 08:34:42.000000",359,1103
19,"2013-11-10 23:08:40.000000",359,1103
564,"2013-11-09 09:03:28.000000",359,1103
1667,"2013-11-11 22:41:48.000000",359,1103
483,"2013-11-13 01:41:17.000000",359,1102
8091,"2013-11-08 10:58:23.000000",360,1104
4122,"2013-11-09 19:52:10.000000",360,1104
7818,"2013-11-11 17:14:01.000000",360,1104
99,"2013-11-08 15:29:02.000000",360,1104
8983,"2013-11-09 19:58:48.000000",360,1106
844,"2013-11-10 02:38:23.000000",362,1112
2297,"2013-11-11 00:07:09.000000",362,1112
3197,"2013-11-07 14:56:11.000000",362,1111
4177,"2013-11-13 07:37:19.000000",362,1111
1930,"2013-11-09 18:37:15.000000",362,1111
5148,"2013-11-13 16:08:46.000000",362,1112
6297,"2013-11-06 17:05:43.000000",362,1112
8682,"2013-11-07 20:42:48.000000",363,1113
3476,"2013-11-08 21:36:57.000000",363,1114
6827,"2013-11-13 10:27:15.000000",363,1113
4514,"2013-11-11 00:19:51.000000",363,1114
4692,"2013-11-11 17:01:03.000000",363,1113
1231,"2013-11-07 10:06:07.000000",363,1114
9518,"2013-11-10 00:03:31.000000",364,1116
3327,"2013-11-11 11:42:05.000000",364,1116
2476,"2013-11-08 19:43:37.000000",364,1119
5243,"2013-11-07 08:34:43.000000",364,1117
1777,"2013-11-12 17:19:10.000000",364,1118
4420,"2013-11-11 01:38:05.000000",364,1118
7834,"2013-11-07 12:47:21.000000",365,1121
4766,"2013-11-09 23:55:52.000000",366,1125
1134,"2013-11-07 13:47:59.000000",366,1123
4875,"2013-11-07 21:14:24.000000",366,1123
8968,"2013-11-07 04:59:31.000000",366,1123
344,"2013-11-11 23:47:02.000000",366,1126
566,"2013-11-09 21:17:01.000000",366,1124
7119,"2013-11-11 12:10:47.000000",366,1126
8274,"2013-11-13 04:09:11.000000",367,1131
4897,"2013-11-13 13:00:22.000000",367,1128
7922,"2013-11-07 08:31:56.000000",367,1130
5878,"2013-11-13 11:43:15.000000",368,1132
5991,"2013-11-08 07:43:10.000000",368,1132
5263,"2013-11-10 17:29:19.000000",369,1138
3750,"2013-11-07 04:01:27.000000",369,1138
4581,"2013-11-10 20:57:34.000000",369,1137
8545,"2013-11-09 14:29:13.000000",369,1137
5012,"2013-11-07 15:13:06.000000",369,1138
2261,"2013-11-13 06:10:45.000000",369,1137
7719,"2013-11-13 04:26:02.000000",369,1138
2835,"2013-11-09 22:27:36.000000",369,1138
4047,"2013-11-10 06:37:03.000000",369,1139
4740,"2013-11-12 23:59:36.000000",370,1143
4575,"2013-11-12 07:37:25.000000",370,1141
7190,"2013-11-08 09:22:16.000000",370,1143
236,"2013-11-13 07:05:08.000000",370,1142
2630,"2013-11-08 01:49:03.000000",370,1143
6620,"2013-11-10 22:39:06.000000",370,1141
2071,"2013-11-06 17:39:59.000000",370,1141
348,"2013-11-07 19:28:50.000000",371,1145
7940,"2013-11-12 23:14:08.000000",371,1145
9899,"2013-11-11 03:26:40.000000",371,1148
6183,"2013-11-12 19:27:34.000000",371,1145
5876,"2013-11-08 05:41:37.000000",371,1147
813,"2013-11-09 21:42:14.000000",371,1145
9128,"2013-11-11 03:18:43.000000",371,1146
8667,"2013-11-09 12:50:18.000000",372,1151
8563,"2013-11-10 09:24:42.000000",372,1153
1934,"2013-11-10 07:08:25.000000",372,1150
1577,"2013-11-06 18:04:12.000000",372,1153
9468,"2013-11-08 02:40:21.000000",373,1158
9770,"2013-11-10 10:09:08.000000",373,1156
6822,"2013-11-09 09:56:21.000000",375,1161
7423,"2013-11-13 09:59:53.000000",376,1165
6347,"2013-11-11 01:43:09.000000",376,1165
5830,"2013-11-09 14:58:27.000000",376,1165
4418,"2013-11-10 05:48:23.000000",376,1165
3754,"2013-11-13 01:19:51.000000",376,1165
6052,"2013-11-07 16:21:36.000000",376,1165
6258,"2013-11-09 12:08:17.000000",377,1166
7287,"2013-11-07 05:37:02.000000",377,1166
5737,"2013-11-08 16:40:20.000000",377,1167
6172,"2013-11-09 04:45:34.000000",377,1166
225,"2013-11-10 12:46:07.000000",378,1168
3900,"2013-11-12 09:26:12.000000",378,1168
2153,"2013-11-09 06:02:47.000000",378,1168
7181,"2013-11-11 10:05:34.000000",378,1168
6450,"2013-11-09 09:53:47.000000",378,1168
8840,"2013-11-08 07:06:23.000000",378,1168
8274,"2013-11-10 16:59:04.000000",378,1168
8069,"2013-11-13 09:06:43.000000",378,1168
2871,"2013-11-11 06:06:34.000000",378,1168
3886,"2013-11-06 22:16:49.000000",379,1170
9874,"2013-11-07 06:57:51.000000",379,1169
9395,"2013-11-13 01:16:02.000000",379,1173
3121,"2013-11-07 19:16:45.000000",379,1172
1564,"2013-11-10 02:51:12.000000",380,1175
3610,"2013-11-11 15:36:20.000000",380,1176
2343,"2013-11-13 01:40:05.000000",380,1174
9510,"2013-11-09 21:27:05.000000",380,1177
1735,"2013-11-12 10:47:21.000000",381,1178
2143,"2013-11-13 14:19:40.000000",382,1182
5174,"2013-11-12 08:53:26.000000",382,1182
4422,"2013-11-07 00:36:24.000000",382,1182
6520,"2013-11-10 03:20:08.000000",383,1186
1310,"2013-11-08 16:27:28.000000",383,1184
9613,"2013-11-07 02:39:36.000000",383,1183
2185,"2013-11-11 08:57:54.000000",383,1184
9784,"2013-11-11 08:18:42.000000",384,1188
4350,"2013-11-12 07:41:32.000000",384,1187
1539,"2013-11-11 10:45:23.000000",384,1188
9332,"2013-11-12 02:32:23.000000",384,1187
1011,"2013-11-13 05:17:29.000000",384,1187
1761,"2013-11-07 21:44:08.000000",384,1187
4881,"2013-11-12 04:03:56.000000",384,1187
9772,"2013-11-08 09:23:39.000000",385,1190
8486,"2013-11-07 13:42:09.000000",385,1189
1642,"2013-11-12 09:40:51.000000",385,1190
4117,"2013-11-12 15:17:30.000000",386,1191
2986,"2013-11-12 07:25:22.000000",386,1192
5851,"2013-11-07 14:28:16.000000",386,1192
3193,"2013-11-06 21:15:19.000000",386,1192
6786,"2013-11-09 11:20:37.000000",386,1192
3112,"2013-11-11 09:25:44.000000",387,1193
2133,"2013-11-07 09:27:21.000000",387,1194
8579,"2013-11-12 10:12:48.000000",387,1194
9860,"2013-11-09 20:26:30.000000",387,1193
1326,"2013-11-11 20:20:52.000000",387,1194
2775,"2013-11-10 11:50:36.000000",387,1194
765,"2013-11-10 05:56:28.000000",387,1194
9670,"2013-11-07 19:47:00.000000",387,1193
6963,"2013-11-08 02:22:28.000000",388,1196
1176,"2013-11-07 13:57:58.000000",388,1195
7318,"2013-11-08 19:29:25.000000",388,1196
8059,"2013-11-07 12:43:48.000000",388,1196
3818,"2013-11-11 11:29:19.000000",389,1197
6036,"2013-11-11 03:40:08.000000",389,1197
13,"2013-11-10 19:47:21.000000",389,1197
975,"2013-11-13 06:16:31.000000",389,1197
2564,"2013-11-08 22:23:33.000000",390,1201
1957,"2013-11-06 23:19:03.000000",390,1202
2122,"2013-11-13 11:53:23.000000",390,1199
1653,"2013-11-07 14:42:02.000000",390,1200
2049,"2013-11-10 07:51:23.000000",390,1202
9656,"2013-11-09 18:49:30.000000",390,1198
360,"2013-11-10 09:12:57.000000",391,1203
2454,"2013-11-12 00:18:17.000000",392,1206
8078,"2013-11-11 09:47:55.000000",392,1205
8257,"2013-11-07 12:42:14.000000",392,1206
1129,"2013-11-07 09:47:21.000000",392,1206
6191,"2013-11-13 06:27:13.000000",392,1206
9845,"2013-11-09 08:25:41.000000",393,1207
5646,"2013-11-08 07:06:39.000000",393,1211
6163,"2013-11-11 07:41:52.000000",393,1211
2432,"2013-11-09 19:12:50.000000",393,1211
93,"2013-11-11 15:10:18.000000",393,1210
8425,"2013-11-08 20:02:41.000000",393,1209
9685,"2013-11-07 09:06:03.000000",393,1209
2436,"2013-11-13 02:41:04.000000",393,1207
5343,"2013-11-06 18:27:51.000000",394,1212
1376,"2013-11-09 05:01:58.000000",394,1212
7765,"2013-11-09 16:04:08.000000",394,1214
2096,"2013-11-06 20:16:52.000000",394,1214
8410,"2013-11-10 20:35:38.000000",394,1213
8088,"2013-11-11 13:33:36.000000",395,1216
981,"2013-11-11 16:32:07.000000",395,1216
6520,"2013-11-10 04:57:49.000000",395,1215
888,"2013-11-11 14:29:31.000000",395,1217
3459,"2013-11-09 17:13:56.000000",395,1215
3058,"2013-11-13 14:40:51.000000",395,1217
1227,"2013-11-10 02:18:22.000000",395,1217
2717,"2013-11-09 09:27:52.000000",395,1215
9068,"2013-11-10 19:55:05.000000",395,1217
4355,"2013-11-11 01:31:29.000000",396,1218
2583,"2013-11-07 14:58:35.000000",396,1218
8320,"2013-11-12 16:22:22.000000",396,1218
1613,"2013-11-13 13:35:51.000000",396,1218
856,"2013-11-12 01:48:21.000000",396,1218
4333,"2013-11-11 15:00:35.000000",396,1218
6536,"2013-11-07 11:24:19.000000",397,1220
4148,"2013-11-12 15:41:35.000000",397,1219
8747,"2013-11-12 15:25:20.000000",398,1223
8466,"2013-11-10 14:14:46.000000",399,1227
933,"2013-11-07 19:02:51.000000",399,1225
7125,"2013-11-11 21:01:36.000000",399,1226
9180,"2013-11-11 04:59:00.000000",399,1227
7433,"2013-11-09 17:45:47.000000",399,1228
5574,"2013-11-11 02:48:48.000000",399,1228
2046,"2013-11-11 18:40:44.000000",400,1232
7322,"2013-11-07 11:44:16.000000",400,1232
8881,"2013-11-08 07:16:26.000000",401,1235
6225,"2013-11-08 16:07:20.000000",401,1234
7740,"2013-11-13 12:33:25.000000",402,1236
2640,"2013-11-11 02:00:36.000000",402,1236
6670,"2013-11-07 07:48:14.000000",402,1236
7462,"2013-11-12 21:19:18.000000",402,1236
5250,"2013-11-08 15:47:49.000000",402,1236
3534,"2013-11-06 20:51:35.000000",402,1236
8097,"2013-11-10 18:04:00.000000",403,1237
3989,"2013-11-10 20:11:04.000000",403,1238
3254,"2013-11-11 00:21:18.000000",403,1237
1168,"2013-11-06 22:06:10.000000",404,1241
4480,"2013-11-07 02:07:26.000000",405,1245
9835,"2013-11-10 18:33:19.000000",405,1244
8129,"2013-11-09 13:51:40.000000",405,1245
4756,"2013-11-08 01:38:43.000000",405,1246
6267,"2013-11-06 22:59:47.000000",405,1242
3651,"2013-11-08 04:12:26.000000",405,1246
5843,"2013-11-11 13:04:52.000000",405,1246
2870,"2013-11-13 03:36:59.000000",405,1246
1054,"2013-11-09 12:29:00.000000",406,1248
2110,"2013-11-06 23:16:32.000000",406,1247
6837,"2013-11-11 21:35:26.000000",406,1248
1369,"2013-11-13 10:49:25.000000",406,1248
1788,"2013-11-08 19:39:30.000000",406,1248
718,"2013-11-08 20:31:34.000000",406,1248
1650,"2013-11-11 04:27:46.000000",406,1249
5221,"2013-11-07 17:12:06.000000",406,1249
8866,"2013-11-12 04:02:31.000000",408,1253
6180,"2013-11-07 08:04:57.000000",408,1253
1525,"2013-11-08 18:15:14.000000",408,1253
884,"2013-11-08 05:20:23.000000",408,1253
326,"2013-11-10 17:41:33.000000",408,1253
6919,"2013-11-09 19:04:03.000000",408,1253
7954,"2013-11-07 11:30:41.000000",408,1253
6495,"2013-11-10 13:52:00.000000",408,1253
3142,"2013-11-12 19:12:58.000000",408,1253
1676,"2013-11-09 02:38:40.000000",409,1254
2992,"2013-11-08 12:07:41.000000",410,1255
6414,"2013-11-11 11:13:40.000000",410,1255
6741,"2013-11-07 06:14:28.000000",410,1256
4715,"2013-11-12 19:03:01.000000",410,1256
3965,"2013-11-13 05:07:29.000000",410,1256
6026,"2013-11-12 23:44:06.000000",410,1257
5960,"2013-11-11 13:36:59.000000",410,1256
3367,"2013-11-09 17:19:11.000000",410,1257
4348,"2013-11-09 06:47:50.000000",410,1257
952,"2013-11-11 09:54:50.000000",411,1258
3249,"2013-11-11 12:33:02.000000",412,1261
1248,"2013-11-09 15:47:41.000000",412,1261
8061,"2013-11-13 02:01:25.000000",412,1261
7431,"2013-11-12 21:12:39.000000",412,1261
1755,"2013-11-09 23:16:43.000000",412,1261
371,"2013-11-08 08:25:19.000000",412,1261
2741,"2013-11-13 06:09:24.000000",412,1261
8877,"2013-11-12 07:58:42.000000",412,1261
5677,"2013-11-07 21:00:08.000000",413,1263
261,"2013-11-09 23:41:52.000000",413,1263
3276,"2013-11-10 10:24:15.000000",413,1262
4652,"2013-11-11 05:54:37.000000",413,1263
2990,"2013-11-11 07:11:17.000000",413,1263
5711,"2013-11-06 22:21:31.000000",413,1262
9186,"2013-11-07 16:40:30.000000",413,1262
9368,"2013-11-13 03:57:27.000000",414,1265
3693,"2013-11-13 00:05:29.000000",414,1264
2180,"2013-11-11 02:58:41.000000",414,1264
1811,"2013-11-07 10:37:55.000000",414,1264
9825,"2013-11-07 14:33:47.000000",414,1265
9223,"2013-11-13 13:33:00.000000",414,1264
8270,"2013-11-13 07:33:19.000000",414,1265
3686,"2013-11-06 19:40:21.000000",414,1264
7040,"2013-11-10 22:18:22.000000",414,1265
7859,"2013-11-07 08:29:51.000000",415,1266
6081,"2013-11-12 15:12:16.000000",415,1266
667,"2013-11-09 19:36:32.000000",416,1268
3120,"2013-11-12 21:54:10.000000",416,1269
3722,"2013-11-07 23:37:15.000000",416,1269
977,"2013-11-09 10:28:40.000000",416,1269
1860,"2013-11-08 21:53:09.000000",417,1273
7134,"2013-11-12 02:43:23.000000",417,1270
3120,"2013-11-11 00:30:41.000000",417,1271
6054,"2013-11-08 22:15:26.000000",417,1272
673,"2013-11-12 08:07:23.000000",421,1283
6887,"2013-11-09 15:34:19.000000",421,1281
2495,"2013-11-10 06:38:25.000000",422,1285
8139,"2013-11-10 20:02:37.000000",422,1288
8170,"2013-11-08 19:19:52.000000",422,1287
6572,"2013-11-12 03:40:19.000000",422,1288
671,"2013-11-06 21:04:50.000000",422,1287
4270,"2013-11-10 10:29:09.000000",423,1293
3234,"2013-11-11 00:50:27.000000",423,1293
5721,"2013-11-06 18:42:00.000000",423,1290
3951,"2013-11-08 04:20:12.000000",423,1293
3382,"2013-11-10 03:30:29.000000",423,1293
1117,"2013-11-12 11:51:16.000000",423,1292
9459,"2013-11-10 00:58:41.000000",423,1290
3597,"2013-11-07 09:23:50.000000",423,1292
6118,"2013-11-08 09:28:55.000000",423,1293
5839,"2013-11-07 03:39:10.000000",424,1297
222,"2013-11-13 05:46:25.000000",424,1294
8520,"2013-11-13 13:42:19.000000",424,1294
2130,"2013-11-11 22:40:22.000000",424,1297
8328,"2013-11-13 13:33:03.000000",424,1295
6184,"2013-11-10 01:42:17.000000",424,1296
8492,"2013-11-08 18:24:30.000000",424,1296
5630,"2013-11-10 04:51:09.000000",424,1294
6080,"2013-11-09 18:05:42.000000",424,1294
3769,"2013-11-13 04:17:02.000000",425,1302
9553,"2013-11-07 19:58:00.000000",425,1302
7293,"2013-11-12 19:22:46.000000",425,1301
3456,"2013-11-13 07:17:11.000000",425,1299
892,"2013-11-08 20:26:38.000000",425,1301
5273,"2013-11-12 03:54:34.000000",425,1300
811,"2013-11-08 21:52:52.000000",425,1301
1230,"2013-11-10 14:28:24.000000",425,1298
960,"2013-11-09 11:33:11.000000",425,1301
6475,"2013-11-07 05:06:14.000000",426,1304
9400,"2013-11-08 17:22:35.000000",427,1305
6395,"2013-11-06 20:35:24.000000",427,1306
9383,"2013-11-09 06:23:15.000000",427,1306
8551,"2013-11-13 10:49:03.000000",427,1305
5352,"2013-11-10 15:39:53.000000",427,1307
3754,"2013-11-08 21:26:32.000000",427,1306
5119,"2013-11-07 11:06:25.000000",428,1308
3189,"2013-11-10 23:18:19.000000",428,1308
5692,"2013-11-07 12:21:13.000000",428,1308
2440,"2013-11-11 14:26:41.000000",428,1308
6615,"2013-11-11 20:14:40.000000",428,1308
2651,"2013-11-08 15:00:44.000000",428,1308
1578,"2013-11-09 14:58:35.000000",428,1308
7086,"2013-11-07 21:29:06.000000",428,1308
9080,"2013-11-09 04:56:57.000000",428,1308
1118,"2013-11-11 20:07:58.000000",429,1311
7389,"2013-11-11 11:09:09.000000",429,1309
"2013-11-11 13:16:44.000000",429,1309
1541,"2013-11-08 00:09:34.000000",429,1311
6898,"2013-11-10 23:03:52.000000",429,1310
8787,"2013-11-06 16:37:35.000000",429,1309
1533,"2013-11-13 08:29:34.000000",430,1313
7044,"2013-11-13 09:11:12.000000",430,1313
4197,"2013-11-12 06:10:25.000000",430,1312
9586,"2013-11-07 23:27:36.000000",430,1313
2321,"2013-11-13 00:43:19.000000",430,1312
1160,"2013-11-07 23:03:29.000000",430,1312
2223,"2013-11-13 16:30:56.000000",430,1313
9118,"2013-11-11 20:14:11.000000",430,1313
2653,"2013-11-11 03:41:05.000000",430,1312
4290,"2013-11-11 21:41:48.000000",431,1318
8431,"2013-11-11 18:19:48.000000",431,1316
2410,"2013-11-11 13:01:48.000000",431,1314
3836,"2013-11-07 06:02:06.000000",431,1316
3297,"2013-11-10 13:30:31.000000",431,1316
3915,"2013-11-11 10:26:43.000000",431,1317
9162,"2013-11-09 00:45:19.000000",431,1314
9749,"2013-11-10 07:37:20.000000",431,1314
2560,"2013-11-12 03:41:07.000000",432,1319
3536,"2013-11-12 15:49:31.000000",432,1319
3753,"2013-11-09 00:36:04.000000",432,1319
8338,"2013-11-07 23:30:02.000000",432,1319
8750,"2013-11-13 08:24:50.000000",432,1319
2631,"2013-11-13 12:27:01.000000",432,1319
1855,"2013-11-10 23:09:10.000000",432,1319
5834,"2013-11-10 07:16:44.000000",432,1319
9222,"2013-11-08 22:14:46.000000",433,1323
5461,"2013-11-08 10:16:56.000000",434,1326
5688,"2013-11-07 12:24:47.000000",434,1327
5947,"2013-11-07 15:04:24.000000",434,1327
6114,"2013-11-12 06:54:11.000000",434,1329
2110,"2013-11-08 04:54:28.000000",434,1329
7138,"2013-11-11 21:29:01.000000",434,1329
2217,"2013-11-12 01:25:22.000000",434,1327
6754,"2013-11-08 19:20:24.000000",435,1330
3050,"2013-11-12 04:18:53.000000",435,1330
3986,"2013-11-12 04:42:44.000000",435,1330
2999,"2013-11-08 01:14:02.000000",436,1331
6450,"2013-11-11 04:29:37.000000",436,1335
2367,"2013-11-08 11:29:39.000000",436,1333
2531,"2013-11-09 23:03:12.000000",436,1334
3851,"2013-11-08 08:11:45.000000",437,1337
3960,"2013-11-06 23:04:40.000000",437,1336
3222,"2013-11-10 09:27:12.000000",437,1338
3272,"2013-11-06 18:45:31.000000",438,1339
4750,"2013-11-10 10:24:16.000000",438,1339
5858,"2013-11-09 21:47:42.000000",438,1339
1566,"2013-11-10 06:31:58.000000",438,1339
7050,"2013-11-08 07:31:17.000000",438,1339
1195,"2013-11-12 08:21:13.000000",438,1340
8636,"2013-11-10 09:21:16.000000",439,1342
682,"2013-11-11 00:18:28.000000",439,1343
9011,"2013-11-11 10:25:02.000000",439,1341
1739,"2013-11-07 09:01:58.000000",440,1347
1953,"2013-11-07 07:20:29.000000",440,1346
9029,"2013-11-08 19:46:49.000000",440,1346
7048,"2013-11-10 11:08:50.000000",440,1345
952,"2013-11-12 19:46:25.000000",440,1347
2755,"2013-11-09 14:37:42.000000",440,1345
7913,"2013-11-06 16:35:40.000000",440,1347
5992,"2013-11-07 08:09:12.000000",441,1348
5156,"2013-11-12 13:12:18.000000",441,1349
3822,"2013-11-08 20:21:47.000000",441,1349
8676,"2013-11-10 23:22:47.000000",441,1348
5366,"2013-11-10 08:37:49.000000",441,1349
4951,"2013-11-11 22:51:47.000000",442,1350
4898,"2013-11-13 14:54:34.000000",442,1352
455,"2013-11-13 14:46:12.000000",442,1354
416,"2013-11-09 15:07:10.000000",442,1354
3074,"2013-11-11 08:29:28.000000",443,1356
1939,"2013-11-12 08:40:25.000000",443,1358
4987,"2013-11-07 17:06:10.000000",443,1357
4279,"2013-11-11 04:30:45.000000",443,1357
2843,"2013-11-08 00:31:34.000000",443,1358
9460,"2013-11-11 11:46:37.000000",444,1360
740,"2013-11-07 06:08:00.000000",444,1360
977,"2013-11-07 19:53:58.000000",444,1359
5940,"2013-11-10 06:33:16.000000",444,1361
8795,"2013-11-06 23:14:12.000000",444,1360
9782,"2013-11-13 06:27:58.000000",444,1360
5268,"2013-11-07 02:50:22.000000",445,1362
1177,"2013-11-07 06:34:33.000000",445,1362
8685,"2013-11-07 21:51:06.000000",445,1363
1914,"2013-11-10 14:44:11.000000",446,1366
2989,"2013-11-10 13:39:20.000000",446,1365
4338,"2013-11-12 10:30:09.000000",446,1365
5414,"2013-11-07 13:09:43.000000",446,1366
4662,"2013-11-13 09:43:01.000000",446,1367
3396,"2013-11-08 05:13:53.000000",446,1368
2259,"2013-11-09 07:29:13.000000",446,1368
3461,"2013-11-09 02:50:56.000000",446,1365
327,"2013-11-12 20:14:02.000000",446,1365
1489,"2013-11-13 15:20:41.000000",448,1375
983,"2013-11-11 03:39:56.000000",448,1375
5220,"2013-11-07 18:58:21.000000",448,1375
1113,"2013-11-12 22:35:31.000000",448,1375
3222,"2013-11-11 14:32:47.000000",450,1384
8722,"2013-11-13 00:55:56.000000",450,1383
3717,"2013-11-13 13:17:42.000000",450,1382
2250,"2013-11-06 18:04:59.000000",450,1385
8599,"2013-11-09 22:03:39.000000",450,1384
6444,"2013-11-07 13:08:23.000000",450,1384
1797,"2013-11-11 19:37:08.000000",450,1382
5470,"2013-11-07 17:44:58.000000",450,1383
7092,"2013-11-10 19:12:55.000000",450,1383
3886,"2013-11-13 04:06:35.000000",451,1387
5674,"2013-11-12 04:03:03.000000",451,1388
9316,"2013-11-12 07:17:22.000000",451,1387
2980,"2013-11-11 23:16:17.000000",451,1387
7440,"2013-11-07 06:57:31.000000",451,1390
1739,"2013-11-08 13:46:21.000000",451,1388
6681,"2013-11-12 04:49:39.000000",453,1394
6269,"2013-11-11 09:14:35.000000",453,1395
1424,"2013-11-08 12:33:39.000000",453,1396
1398,"2013-11-09 01:50:24.000000",453,1395
1177,"2013-11-11 22:30:04.000000",454,1397
1964,"2013-11-11 17:37:07.000000",454,1397
2473,"2013-11-09 03:00:23.000000",454,1397
6294,"2013-11-06 18:53:03.000000",454,1397
1741,"2013-11-09 05:39:17.000000",454,1397
4457,"2013-11-12 22:00:01.000000",454,1397
3672,"2013-11-12 12:36:56.000000",455,1400
3790,"2013-11-10 10:25:10.000000",456,1405
8467,"2013-11-08 12:43:20.000000",456,1406
8013,"2013-11-09 12:14:24.000000",456,1407
4079,"2013-11-12 22:30:58.000000",456,1404
9162,"2013-11-09 00:36:12.000000",456,1406
5054,"2013-11-12 02:48:23.000000",456,1405
9188,"2013-11-12 15:12:31.000000",456,1407
7472,"2013-11-07 07:59:57.000000",456,1404
9831,"2013-11-09 18:26:00.000000",457,1410
6043,"2013-11-12 06:29:41.000000",457,1410
38,"2013-11-09 00:29:49.000000",457,1408
1285,"2013-11-11 12:29:02.000000",457,1408
6930,"2013-11-13 14:43:16.000000",457,1410
8189,"2013-11-12 07:12:04.000000",457,1409
6988,"2013-11-12 00:08:42.000000",458,1412
2730,"2013-11-08 22:37:10.000000",458,1412
6139,"2013-11-13 01:48:56.000000",458,1414
6717,"2013-11-08 04:21:13.000000",458,1412
8887,"2013-11-12 07:44:11.000000",458,1413
1050,"2013-11-11 20:36:50.000000",459,1416
3913,"2013-11-09 04:52:48.000000",459,1416
4747,"2013-11-08 16:48:18.000000",459,1416
8381,"2013-11-09 22:20:10.000000",460,1418
6600,"2013-11-08 15:26:23.000000",460,1418
6335,"2013-11-06 20:22:10.000000",460,1418
6030,"2013-11-08 20:27:50.000000",460,1418
8330,"2013-11-13 13:51:14.000000",460,1418
8960,"2013-11-07 20:08:25.000000",460,1418
1867,"2013-11-13 12:21:33.000000",460,1418
3664,"2013-11-07 01:25:30.000000",460,1418
440,"2013-11-08 14:07:41.000000",131,971
1436,"2013-11-08 18:54:34.000000",83,371
3193,"2013-11-08 16:03:38.000000",442,299
3095,"2013-11-10 06:58:42.000000",411,49
6890,"2013-11-08 08:01:33.000000",58,1399
2638,"2013-11-08 16:20:03.000000",200,233
9597,"2013-11-10 23:16:08.000000",95,561
7086,"2013-11-10 20:51:19.000000",185,1303
4433,"2013-11-10 22:14:37.000000",180,358
1594,"2013-11-13 16:32:33.000000",127,542
8142,"2013-11-07 10:52:14.000000",26,374
8929,"2013-11-08 04:18:54.000000",89,302
5588,"2013-11-07 15:49:08.000000",15,1184
8177,"2013-11-09 14:24:19.000000",369,871
2925,"2013-11-10 00:53:47.000000",109,124
5612,"2013-11-08 05:30:21.000000",233,698
4151,"2013-11-13 11:19:27.000000",397,714
1414,"2013-11-12 22:51:21.000000",459,7
75,"2013-11-09 08:21:49.000000",283,532
5484,"2013-11-07 02:30:12.000000",273,848
3965,"2013-11-11 05:13:55.000000",148,707
2128,"2013-11-07 18:03:39.000000",183,1274
8044,"2013-11-13 03:24:59.000000",368,847
3384,"2013-11-09 09:07:20.000000",298,909
6541,"2013-11-09 22:20:36.000000",453,942
4476,"2013-11-08 13:56:19.000000",376,290
1472,"2013-11-11 09:29:33.000000",192,1134
6391,"2013-11-08 23:39:16.000000",241,681
1215,"2013-11-10 11:03:32.000000",326,394
1070,"2013-11-08 13:17:02.000000",362,48
640,"2013-11-11 14:40:28.000000",50,1361
7340,"2013-11-07 17:15:20.000000",225,863
4786,"2013-11-12 18:27:56.000000",12,349
5334,"2013-11-12 23:22:46.000000",22,578
630,"2013-11-09 05:32:31.000000",300,1413
5018,"2013-11-12 08:26:48.000000",372,1111
5769,"2013-11-10 09:58:05.000000",39,46
8095,"2013-11-09 01:25:59.000000",70,1030
4725,"2013-11-11 01:40:19.000000",258,445
7769,"2013-11-08 08:48:59.000000",298,1348
7151,"2013-11-08 02:22:14.000000",459,299
1130,"2013-11-07 15:23:22.000000",130,509
5535,"2013-11-12 18:55:39.000000",109,590
2473,"2013-11-09 17:01:46.000000",204,611
2423,"2013-11-08 01:52:49.000000",106,1352
4440,"2013-11-12 21:34:43.000000",422,626
4520,"2013-11-11 03:43:45.000000",270,49
6050,"2013-11-09 13:33:56.000000",311,1135
9493,"2013-11-08 16:26:06.000000",326,657
5272,"2013-11-08 15:57:21.000000",221,1289
5082,"2013-11-12 19:21:48.000000",208,30
7773,"2013-11-11 02:28:09.000000",298,266
5883,"2013-11-12 21:29:17.000000",323,1271
3374,"2013-11-06 19:35:36.000000",334,27
430,"2013-11-08 16:26:06.000000",390,1168
7011,"2013-11-06 21:38:06.000000",317,873
423,"2013-11-13 08:57:51.000000",18,813
496,"2013-11-13 12:44:15.000000",173,355
2429,"2013-11-07 16:10:08.000000",455,1321
5893,"2013-11-10 04:34:40.000000",446,815
338,"2013-11-07 16:22:35.000000",132,653
5427,"2013-11-09 00:23:46.000000",139,1230
5749,"2013-11-11 07:34:54.000000",193,813
8633,"2013-11-10 01:36:47.000000",288,229
1532,"2013-11-10 05:29:00.000000",94,1385
3796,"2013-11-11 09:58:09.000000",424,389
4688,"2013-11-07 00:02:54.000000",184,321
2533,"2013-11-11 02:50:08.000000",81,1283
6638,"2013-11-08 19:07:30.000000",52,208
8045,"2013-11-08 15:29:29.000000",151,550
7820,"2013-11-07 22:41:35.000000",81,98
3933,"2013-11-13 06:27:00.000000",254,869
9319,"2013-11-07 10:02:34.000000",47,797
2874,"2013-11-08 13:10:08.000000",283,353
5642,"2013-11-06 21:40:47.000000",307,114
5354,"2013-11-12 05:12:24.000000",54,780
3511,"2013-11-12 16:28:41.000000",175,471
2287,"2013-11-08 06:53:43.000000",138,897
5070,"2013-11-08 19:31:41.000000",189,89
4844,"2013-11-12 01:43:27.000000",26,1234
9856,"2013-11-12 05:28:43.000000",212,528
4566,"2013-11-13 08:18:32.000000",19,820
1746,"2013-11-10 01:37:20.000000",35,171
3095,"2013-11-13 03:40:30.000000",317,991
8118,"2013-11-11 01:09:05.000000",384,249
6777,"2013-11-13 01:41:32.000000",244,959
5149,"2013-11-07 20:46:54.000000",82,354
4792,"2013-11-10 10:58:19.000000",64,694
490,"2013-11-08 14:39:25.000000",49,1394
2748,"2013-11-09 07:29:19.000000",58,1296
7540,"2013-11-08 18:43:01.000000",423,1272
4848,"2013-11-12 20:37:59.000000",3,993
8974,"2013-11-13 15:59:51.000000",365,410
4912,"2013-11-11 12:53:16.000000",177,528
2265,"2013-11-11 13:15:22.000000",443,1100
454,"2013-11-12 13:34:39.000000",171,546
120,"2013-11-11 04:30:07.000000",4,1376
2976,"2013-11-12 18:48:56.000000",440,693
7411,"2013-11-11 17:33:31.000000",395,116
5878,"2013-11-08 18:45:27.000000",49,87
2049,"2013-11-08 10:43:38.000000",383,481
5710,"2013-11-08 10:55:02.000000",14,455
8020,"2013-11-11 02:17:31.000000",177,29
8976,"2013-11-10 14:36:41.000000",175,820
7437,"2013-11-11 02:34:09.000000",359,311
2321,"2013-11-11 02:24:12.000000",398,921
3297,"2013-11-07 07:17:49.000000",157,1096
7967,"2013-11-08 09:16:34.000000",113,59
7681,"2013-11-07 00:00:20.000000",209,589
311,"2013-11-07 02:56:11.000000",226,1053
6514,"2013-11-11 07:33:27.000000",251,705
6691,"2013-11-11 00:22:51.000000",289,596
5157,"2013-11-10 10:32:58.000000",409,921
560,"2013-11-12 23:22:22.000000",411,607
6045,"2013-11-13 12:29:55.000000",270,67
170,"2013-11-10 05:19:48.000000",210,226
1396,"2013-11-11 18:23:01.000000",166,60
8330,"2013-11-11 15:31:56.000000",410,1266
957,"2013-11-13 15:53:54.000000",124,1196
9338,"2013-11-09 07:46:44.000000",32,8
2437,"2013-11-07 06:18:19.000000",256,1148
374,"2013-11-06 21:38:25.000000",176,271
7152,"2013-11-09 10:15:44.000000",288,578
991,"2013-11-13 07:35:38.000000",435,486
6454,"2013-11-08 08:44:52.000000",119,730
2382,"2013-11-07 02:54:33.000000",45,334
4758,"2013-11-07 14:01:47.000000",337,1174
9393,"2013-11-07 22:38:36.000000",7,488
7887,"2013-11-09 00:35:03.000000",147,790
730,"2013-11-11 10:32:00.000000",424,1103
5729,"2013-11-08 09:00:26.000000",31,1223
6391,"2013-11-08 03:21:39.000000",50,415
4226,"2013-11-08 19:54:20.000000",70,625
1274,"2013-11-09 00:45:53.000000",102,612
1319,"2013-11-08 00:47:50.000000",413,1298
715,"2013-11-11 02:33:54.000000",450,109
5476,"2013-11-10 11:29:43.000000",269,173
977,"2013-11-10 02:37:01.000000",438,45
7277,"2013-11-12 08:48:19.000000",391,353
714,"2013-11-10 13:36:31.000000",277,532
5239,"2013-11-11 14:07:05.000000",361,344
532,"2013-11-12 19:41:57.000000",370,20
6243,"2013-11-10 15:22:16.000000",235,354
9775,"2013-11-09 01:29:02.000000",150,807
9257,"2013-11-07 00:56:13.000000",289,225
9675,"2013-11-12 13:55:08.000000",377,848
5360,"2013-11-10 10:56:26.000000",393,558
8960,"2013-11-12 05:38:44.000000",139,1201
647,"2013-11-06 21:41:37.000000",191,1183
4490,"2013-11-12 11:14:20.000000",171,176
9279,"2013-11-08 12:04:45.000000",376,153
7695,"2013-11-11 20:39:44.000000",287,1005
2384,"2013-11-08 18:21:11.000000",107,583
