amount,purchase_time,vendor_id,product_id
9290,11/7/2013 12:34:56,1,1
2262,11/10/2013 10:44:56,1,1
9588,11/13/2013 9:49:37,1,1
1634,11/7/2013 4:44:00,1,1
4440,11/10/2013 13:19:05,1,1
6950,11/11/2013 19:29:52,1,1
4095,11/12/2013 22:38:29,1,1
5727,11/12/2013 14:03:54,2,2
9128,11/13/2013 9:48:15,3,4
5160,11/8/2013 12:31:41,3,4
1030,11/11/2013 2:56:53,3,4
5179,11/9/2013 0:36:03,3,4
3450,11/12/2013 20:00:35,3,4
4978,11/10/2013 9:51:24,3,4
8924,11/10/2013 19:31:16,3,4
2277,11/9/2013 9:16:47,3,4
3442,11/10/2013 12:16:12,4,7
5375,11/8/2013 20:21:41,4,5
9035,11/11/2013 11:37:15,4,6
51,11/10/2013 17:48:05,4,5
8963,11/10/2013 20:26:30,4,7
7180,11/12/2013 14:40:46,5,9
8382,11/9/2013 16:13:09,5,8
3776,11/9/2013 0:12:20,5,8
4951,11/10/2013 7:42:41,5,9
9690,11/10/2013 5:45:12,5,9
2851,11/13/2013 12:14:40,5,10
9015,11/6/2013 22:19:49,5,8
8445,11/11/2013 14:44:12,5,8
7459,11/10/2013 9:44:14,5,8
2977,11/9/2013 18:57:21,6,13
1980,11/12/2013 11:41:53,7,14
8559,11/11/2013 14:26:33,7,14
6027,11/7/2013 21:01:30,7,14
8375,11/11/2013 1:04:00,7,14
6433,11/11/2013 23:39:50,7,14
6350,11/8/2013 4:25:38,7,14
1995,11/12/2013 0:20:22,7,14
9348,11/8/2013 18:38:56,8,17
5432,11/12/2013 9:22:56,8,15
4263,11/9/2013 0:36:05,8,16
3043,11/7/2013 20:01:03,8,17
8222,11/13/2013 13:56:55,8,17
1458,11/10/2013 9:42:35,8,17
7011,11/8/2013 4:57:31,8,18
9111,11/9/2013 0:05:24,8,18
8150,11/8/2013 8:40:59,8,15
2510,11/10/2013 8:43:31,9,21
3697,11/12/2013 2:43:56,9,20
5420,11/8/2013 3:30:03,9,19
9341,11/9/2013 18:18:19,9,21
3461,11/13/2013 13:05:00,9,22
844,11/9/2013 5:50:58,10,27
1410,11/13/2013 7:13:10,10,27
9333,11/9/2013 23:44:59,10,25
2731,11/10/2013 9:37:13,10,25
5017,11/13/2013 3:57:23,10,27
4111,11/11/2013 8:27:44,10,26
3233,11/8/2013 19:50:45,10,23
5949,11/11/2013 10:43:04,10,23
626,11/7/2013 23:47:38,11,28
8296,11/7/2013 8:31:35,11,32
4522,11/9/2013 7:23:56,11,28
8362,11/7/2013 13:30:08,11,30
9460,11/13/2013 8:58:12,11,32
9711,11/11/2013 23:36:04,12,35
963,11/8/2013 23:12:25,12,33
295,11/10/2013 9:21:48,12,33
10,11/10/2013 8:03:56,13,38
2838,11/9/2013 21:30:15,13,38
564,11/9/2013 2:43:45,14,40
593,11/8/2013 12:55:34,14,40
4154,11/9/2013 2:31:12,14,40
6070,11/11/2013 3:58:53,15,41
7256,11/7/2013 19:12:18,15,41
6071,11/8/2013 19:28:57,15,41
5365,11/9/2013 15:35:23,15,41
886,11/9/2013 7:59:36,15,44
9682,11/13/2013 15:13:19,15,41
8084,11/9/2013 14:20:31,15,44
4991,11/9/2013 4:28:54,16,47
6867,11/7/2013 15:58:18,16,48
8415,11/6/2013 19:29:41,16,47
8790,11/8/2013 10:15:19,16,46
2832,11/10/2013 8:44:12,16,48
7454,11/11/2013 15:56:35,16,48
2497,11/11/2013 12:54:54,16,45
9679,11/9/2013 22:17:35,17,50
3313,11/12/2013 21:20:28,17,50
1793,11/10/2013 18:11:20,17,50
6010,11/10/2013 9:42:37,17,50
434,11/11/2013 8:18:23,17,50
3654,11/11/2013 17:42:24,17,50
4170,11/11/2013 11:55:44,18,52
5579,11/6/2013 18:07:58,18,51
2289,11/11/2013 1:23:48,19,57
8743,11/8/2013 12:24:05,19,56
3187,11/11/2013 1:03:33,19,57
6930,11/10/2013 21:23:07,19,55
4573,11/8/2013 23:18:32,19,56
6539,11/12/2013 14:44:41,20,58
6390,11/11/2013 10:06:01,20,58
3310,11/9/2013 18:25:22,20,58
5690,11/11/2013 14:23:19,20,58
8672,11/8/2013 20:28:53,20,58
7028,11/8/2013 6:40:04,21,60
3779,11/8/2013 13:40:53,21,60
822,11/11/2013 9:44:44,21,63
1826,11/10/2013 10:53:07,21,59
3751,11/8/2013 5:31:14,21,62
5889,11/10/2013 4:25:45,21,62
7797,11/11/2013 21:48:16,22,64
4564,11/7/2013 2:33:45,22,64
4548,11/8/2013 9:47:50,22,65
7870,11/10/2013 15:07:29,22,66
6858,11/9/2013 14:00:22,22,67
7912,11/10/2013 16:21:58,22,65
785,11/11/2013 22:35:45,23,72
1664,11/12/2013 23:45:49,23,69
1810,11/11/2013 6:19:43,23,70
4890,11/10/2013 6:01:19,23,70
4847,11/8/2013 12:09:35,23,69
4480,11/12/2013 18:13:45,24,73
4636,11/13/2013 10:57:50,24,73
3128,11/8/2013 14:34:47,25,74
4221,11/11/2013 6:36:50,25,74
5790,11/8/2013 14:20:42,25,74
1143,11/6/2013 16:40:22,25,74
1195,11/10/2013 18:40:40,25,74
9173,11/10/2013 2:43:19,25,74
4911,11/12/2013 13:43:19,25,74
6509,11/13/2013 5:23:36,26,75
1628,11/13/2013 2:37:47,26,77
9088,11/12/2013 19:28:58,26,75
1257,11/8/2013 5:05:27,26,76
4694,11/6/2013 23:30:59,26,76
4838,11/12/2013 17:10:10,26,75
4112,11/10/2013 19:20:55,27,78
294,11/8/2013 14:10:28,27,82
2924,11/10/2013 6:17:00,27,80
4589,11/11/2013 14:02:18,28,85
3220,11/8/2013 9:28:06,29,87
8521,11/7/2013 23:56:41,29,87
9430,11/10/2013 11:24:10,29,88
7916,11/8/2013 19:35:38,29,88
4589,11/8/2013 20:53:02,29,87
8111,11/10/2013 12:31:10,29,88
7863,11/13/2013 12:29:57,29,86
3091,11/12/2013 15:52:56,29,88
717,11/7/2013 7:53:18,30,91
5184,11/7/2013 20:32:39,30,89
6377,11/8/2013 12:15:30,30,90
3068,11/8/2013 20:03:41,30,89
250,11/12/2013 22:25:06,30,89
2515,11/8/2013 5:05:48,30,89
6380,11/13/2013 3:11:50,30,91
1159,11/9/2013 16:04:14,30,89
5091,11/11/2013 9:40:51,31,94
2264,11/12/2013 16:31:13,31,92
2397,11/10/2013 7:32:57,31,92
5435,11/7/2013 4:50:02,31,93
3357,11/9/2013 13:29:45,32,97
4371,11/9/2013 8:00:24,32,97
3654,11/8/2013 9:40:32,33,103
9646,11/13/2013 10:23:23,33,103
4895,11/9/2013 22:56:25,33,102
3590,11/6/2013 18:13:39,33,102
4096,11/7/2013 11:33:58,33,101
1814,11/13/2013 5:54:03,33,101
2462,11/13/2013 15:03:27,33,101
56,11/12/2013 4:40:32,33,103
1710,11/6/2013 19:27:57,34,107
4758,11/10/2013 5:51:17,34,107
6619,11/8/2013 23:52:48,34,107
5824,11/8/2013 5:51:51,34,105
2091,11/10/2013 12:35:06,34,107
2820,11/10/2013 0:45:19,34,106
9558,11/12/2013 10:34:54,35,110
2964,11/12/2013 8:39:14,35,111
5870,11/11/2013 1:07:30,35,109
9570,11/7/2013 3:04:38,35,111
7443,11/8/2013 5:54:43,35,109
6647,11/8/2013 17:51:36,35,112
8787,11/7/2013 10:19:05,36,117
1985,11/13/2013 15:49:09,37,118
9242,11/8/2013 17:07:17,37,118
821,11/7/2013 9:34:39,37,118
44,11/12/2013 11:37:54,37,118
7264,11/11/2013 16:53:44,38,122
7070,11/11/2013 7:45:28,38,120
2661,11/9/2013 15:22:39,38,123
343,11/12/2013 1:16:11,38,119
5893,11/8/2013 22:42:23,38,121
8775,11/7/2013 12:14:21,38,121
2259,11/13/2013 1:02:28,38,120
8165,11/12/2013 12:22:55,38,120
7878,11/11/2013 17:57:51,39,124
9237,11/7/2013 16:17:20,39,126
8435,11/7/2013 3:17:53,40,128
8311,11/12/2013 11:21:43,40,128
5438,11/7/2013 10:11:04,40,130
4683,11/9/2013 4:18:25,40,131
6675,11/11/2013 21:23:24,40,129
2667,11/12/2013 9:29:25,40,127
9298,11/11/2013 10:34:34,40,131
6478,11/8/2013 13:16:16,40,131
8142,11/11/2013 21:38:21,40,131
3163,11/9/2013 23:14:14,41,135
4710,11/7/2013 19:06:39,41,134
3633,11/11/2013 0:05:19,41,133
6890,11/11/2013 1:10:02,41,132
3490,11/9/2013 9:00:25,42,139
6470,11/12/2013 12:10:02,42,139
1594,11/10/2013 8:30:40,43,141
6498,11/11/2013 1:38:00,43,141
5395,11/9/2013 2:05:00,43,144
7730,11/10/2013 22:39:55,43,142
2584,11/9/2013 20:03:56,43,143
2450,11/10/2013 1:06:22,43,144
7117,11/9/2013 21:30:02,44,146
6370,11/7/2013 22:32:09,44,146
8861,11/9/2013 18:37:07,44,145
6622,11/11/2013 20:30:20,44,146
8845,11/12/2013 9:50:28,44,146
4990,11/11/2013 0:40:30,44,145
6448,11/11/2013 7:53:41,44,145
4050,11/9/2013 4:21:18,44,145
9730,11/8/2013 13:44:39,45,149
420,11/8/2013 13:31:35,45,147
6014,11/8/2013 21:31:46,46,152
4474,11/7/2013 1:58:22,46,153
4126,11/12/2013 15:06:00,46,154
6039,11/7/2013 5:39:13,46,152
6180,11/7/2013 23:37:14,46,153
2060,11/7/2013 18:10:36,47,156
7097,11/10/2013 15:22:42,47,157
8480,11/8/2013 9:57:37,47,156
5465,11/11/2013 10:05:43,48,159
8410,11/13/2013 15:46:50,48,158
4094,11/7/2013 5:47:49,48,158
8136,11/11/2013 21:28:03,49,163
386,11/8/2013 8:22:18,49,160
4713,11/9/2013 3:02:57,50,164
6476,11/9/2013 14:19:02,50,164
7947,11/10/2013 5:20:06,50,164
8825,11/11/2013 13:31:18,50,164
1396,11/9/2013 11:50:04,52,166
3647,11/6/2013 19:26:08,52,166
877,11/9/2013 1:13:39,52,166
4129,11/7/2013 9:11:40,52,166
2686,11/9/2013 19:19:34,52,166
6875,11/13/2013 0:28:52,54,172
3924,11/11/2013 1:44:52,54,171
4969,11/12/2013 23:56:16,54,173
2145,11/9/2013 0:06:23,54,172
6672,11/12/2013 16:06:04,54,172
4890,11/7/2013 8:12:29,54,171
440,11/8/2013 5:13:46,54,175
9637,11/6/2013 18:10:43,54,171
6473,11/9/2013 23:59:29,56,181
2799,11/9/2013 23:35:38,56,181
4514,11/9/2013 10:55:04,56,182
3290,11/7/2013 14:54:19,57,185
3127,11/7/2013 2:21:19,57,185
3579,11/12/2013 20:20:22,57,186
3738,11/11/2013 14:28:33,57,186
7820,11/10/2013 23:37:34,57,186
6047,11/12/2013 4:23:04,58,187
2039,11/13/2013 5:47:32,58,188
1260,11/10/2013 8:51:12,58,187
5895,11/12/2013 19:19:40,58,187
9222,11/13/2013 13:18:21,59,193
2371,11/8/2013 9:39:35,59,193
579,11/12/2013 1:34:24,59,189
7367,11/7/2013 2:28:42,60,196
3929,11/7/2013 6:20:12,61,198
925,11/7/2013 23:48:31,61,198
1485,11/7/2013 21:57:58,61,197
8420,11/7/2013 19:44:22,61,197
2217,11/13/2013 16:14:17,62,202
6658,11/9/2013 18:04:24,62,199
3545,11/11/2013 14:21:52,62,202
3865,11/11/2013 8:09:20,62,199
3915,11/7/2013 8:05:29,62,202
2661,11/8/2013 19:58:44,62,203
5070,11/13/2013 14:31:13,62,200
2259,11/12/2013 8:51:43,63,204
7969,11/12/2013 23:59:09,63,204
6438,11/8/2013 16:52:08,63,204
1110,11/7/2013 21:11:38,64,207
5144,11/11/2013 0:11:06,64,208
2833,11/9/2013 9:44:39,64,206
3952,11/11/2013 20:26:19,64,205
2343,11/8/2013 3:54:56,64,206
7994,11/9/2013 19:33:15,64,208
9765,11/8/2013 8:34:14,65,210
1676,11/7/2013 16:43:47,65,211
6371,11/7/2013 19:27:06,65,210
634,11/8/2013 10:56:09,66,212
1591,11/11/2013 1:07:50,66,213
798,11/12/2013 10:42:02,66,213
1892,11/12/2013 12:01:34,67,214
6192,11/6/2013 18:31:44,67,215
6020,11/8/2013 16:13:00,67,216
6443,11/13/2013 13:31:07,67,215
8910,11/12/2013 13:11:23,67,216
6734,11/12/2013 0:13:13,68,217
9841,11/10/2013 9:15:58,68,217
8644,11/11/2013 20:21:06,68,217
6089,11/8/2013 9:05:21,68,217
3520,11/9/2013 4:36:34,69,219
9220,11/11/2013 1:54:37,69,220
3597,11/11/2013 1:22:52,70,224
166,11/13/2013 4:52:49,70,223
3628,11/10/2013 23:40:57,70,225
969,11/12/2013 21:07:19,70,224
1360,11/7/2013 1:47:55,70,225
2758,11/7/2013 0:13:06,70,224
4733,11/8/2013 15:41:09,70,222
1942,11/7/2013 13:31:05,71,227
2567,11/10/2013 18:15:15,72,231
1248,11/9/2013 1:20:01,73,237
3222,11/13/2013 6:03:47,73,236
2555,11/10/2013 17:26:20,73,236
6540,11/8/2013 7:39:26,74,241
7184,11/11/2013 9:06:36,74,238
7920,11/8/2013 8:41:57,74,238
3895,11/6/2013 21:54:48,74,239
8957,11/9/2013 8:20:50,74,238
5150,11/8/2013 16:54:58,74,241
333,11/11/2013 16:35:36,74,239
1125,11/7/2013 2:07:32,74,238
7934,11/11/2013 4:37:21,74,239
6289,11/11/2013 8:40:32,75,242
9281,11/7/2013 7:56:46,75,243
3640,11/12/2013 7:21:30,76,244
2397,11/9/2013 7:48:45,76,245
4318,11/13/2013 6:21:21,76,244
3274,11/13/2013 4:53:34,77,247
5421,11/13/2013 1:13:47,77,248
1495,11/9/2013 2:34:38,77,249
3365,11/10/2013 5:01:55,77,248
5188,11/9/2013 12:45:17,78,250
141,11/9/2013 7:36:14,79,251
9894,11/8/2013 17:54:46,79,251
4617,11/12/2013 2:42:02,79,251
7652,11/10/2013 19:17:05,79,251
4243,11/11/2013 2:43:30,79,251
1444,11/13/2013 9:30:32,79,251
5265,11/12/2013 11:49:16,79,251
390,11/12/2013 8:40:05,81,255
2488,11/12/2013 14:46:55,81,254
8910,11/7/2013 13:04:33,81,254
7980,11/9/2013 9:58:48,81,255
7990,11/9/2013 17:07:07,81,255
4950,11/13/2013 15:30:48,81,254
4620,11/9/2013 0:27:56,81,255
660,11/8/2013 0:01:58,81,254
3742,11/7/2013 1:28:04,82,257
7442,11/11/2013 9:24:02,82,258
2864,11/9/2013 22:40:55,82,256
4432,11/11/2013 4:11:18,82,258
8721,11/12/2013 21:49:27,82,256
7153,11/13/2013 12:31:13,82,257
462,11/7/2013 5:48:23,82,257
8959,11/13/2013 6:12:00,83,259
639,11/8/2013 21:58:42,84,261
8761,11/11/2013 10:34:14,84,260
7138,11/9/2013 8:20:02,84,260
5567,11/10/2013 21:56:35,84,261
3534,11/10/2013 22:42:32,84,261
4473,11/12/2013 0:54:16,84,260
747,11/8/2013 20:02:50,84,261
7389,11/7/2013 16:06:18,84,261
2092,11/8/2013 3:04:21,85,265
8644,11/9/2013 4:18:43,85,262
5799,11/6/2013 20:07:05,86,268
7186,11/13/2013 2:07:54,86,269
7648,11/13/2013 16:22:11,86,271
7120,11/7/2013 13:51:02,87,272
3057,11/10/2013 22:05:52,87,272
8481,11/8/2013 22:13:48,87,274
7180,11/9/2013 9:23:30,87,273
944,11/12/2013 23:48:00,87,273
6890,11/12/2013 7:27:58,88,276
897,11/8/2013 20:27:02,88,275
1022,11/8/2013 20:16:39,88,276
7528,11/8/2013 15:51:42,88,276
2140,11/9/2013 2:58:12,88,275
5183,11/7/2013 20:27:58,88,276
4459,11/10/2013 14:04:44,88,275
2633,11/12/2013 7:32:59,88,276
9837,11/7/2013 8:23:43,88,276
160,11/7/2013 4:35:05,89,281
5286,11/12/2013 12:15:27,89,278
3964,11/11/2013 11:01:37,89,277
1190,11/10/2013 12:23:19,89,279
9682,11/7/2013 17:03:12,89,279
7009,11/7/2013 15:58:54,89,280
95,11/12/2013 17:21:25,89,279
7723,11/7/2013 12:10:44,90,282
9644,11/9/2013 20:09:20,90,282
3534,11/7/2013 23:26:44,90,282
165,11/13/2013 16:24:53,90,282
9613,11/11/2013 18:12:51,90,282
9015,11/12/2013 14:54:58,92,286
38,11/12/2013 7:01:33,92,290
7348,11/13/2013 5:02:11,92,290
1271,11/9/2013 13:41:39,92,289
1720,11/6/2013 17:05:31,93,291
5660,11/11/2013 8:47:48,93,291
5528,11/11/2013 20:16:30,94,292
53,11/8/2013 3:27:54,94,292
9826,11/11/2013 23:59:44,94,292
6934,11/8/2013 6:29:53,94,292
1536,11/9/2013 10:45:17,94,292
2352,11/13/2013 8:58:40,94,292
2355,11/12/2013 19:11:34,95,295
9541,11/12/2013 6:42:26,95,296
5270,11/11/2013 9:29:37,95,295
7233,11/13/2013 4:51:23,95,295
864,11/10/2013 13:37:04,95,296
6117,11/11/2013 23:30:11,95,293
4393,11/11/2013 12:22:15,95,294
638,11/13/2013 6:27:06,95,294
4133,11/8/2013 22:56:57,96,298
6390,11/8/2013 12:05:43,96,298
2741,11/7/2013 21:56:36,96,298
3152,11/13/2013 8:37:28,96,298
5141,11/10/2013 2:03:05,96,298
2162,11/11/2013 23:41:41,96,298
4129,11/13/2013 12:12:36,96,298
3950,11/8/2013 13:04:24,97,299
9737,11/8/2013 12:04:19,97,299
5228,11/9/2013 11:37:47,97,299
2364,11/9/2013 3:50:08,97,299
9699,11/9/2013 11:36:03,97,299
9847,11/10/2013 18:51:05,97,299
7678,11/10/2013 10:17:43,97,299
3221,11/9/2013 17:26:12,98,300
8619,11/8/2013 2:45:50,98,301
3979,11/9/2013 6:30:52,98,301
2270,11/8/2013 11:29:04,98,301
1436,11/13/2013 11:06:22,99,302
4140,11/7/2013 1:32:30,99,304
44,11/10/2013 13:20:13,99,302
3768,11/9/2013 9:32:19,99,306
4955,11/8/2013 14:00:03,99,303
5339,11/10/2013 1:21:11,99,306
2173,11/13/2013 15:46:48,99,304
1966,11/7/2013 23:39:27,100,309
6470,11/9/2013 10:03:14,100,311
8721,11/10/2013 14:41:05,100,307
5239,11/10/2013 8:08:55,101,314
1419,11/11/2013 11:57:40,101,312
9450,11/10/2013 6:07:15,101,313
5171,11/12/2013 22:51:58,101,312
8109,11/7/2013 19:43:26,102,315
7070,11/10/2013 14:53:50,102,315
8230,11/9/2013 12:10:08,102,315
1963,11/10/2013 2:52:37,102,315
3196,11/11/2013 17:04:15,102,315
9870,11/12/2013 5:53:57,102,315
6351,11/8/2013 11:41:56,102,315
6659,11/10/2013 1:37:17,103,316
133,11/7/2013 13:31:34,103,316
1776,11/7/2013 4:20:38,103,317
2817,11/12/2013 13:09:51,103,316
1064,11/10/2013 13:35:49,103,317
8862,11/11/2013 19:26:30,103,318
4184,11/12/2013 18:52:42,104,319
8031,11/10/2013 15:08:11,104,319
7356,11/11/2013 5:42:35,104,319
4250,11/12/2013 22:05:34,104,319
3090,11/10/2013 9:44:16,104,319
872,11/12/2013 16:52:25,104,319
3690,11/11/2013 15:20:31,104,319
3350,11/9/2013 13:16:46,104,319
1810,11/10/2013 23:00:09,105,323
2487,11/10/2013 7:47:11,106,326
1710,11/10/2013 23:45:21,106,328
6936,11/10/2013 10:26:29,106,327
4427,11/10/2013 23:14:19,106,325
2643,11/11/2013 17:05:41,106,326
5594,11/7/2013 11:48:03,106,325
5439,11/12/2013 16:43:57,106,328
6284,11/7/2013 7:20:58,106,328
1420,11/8/2013 18:42:56,106,328
2885,11/8/2013 13:30:51,107,329
5992,11/9/2013 8:52:31,107,332
5412,11/7/2013 5:51:45,107,329
1310,11/12/2013 15:11:32,108,336
3769,11/7/2013 14:44:10,108,335
1630,11/10/2013 20:00:47,108,334
9845,11/12/2013 4:43:51,108,336
5054,11/8/2013 8:41:07,108,335
2266,11/9/2013 4:25:19,108,334
531,11/7/2013 22:09:58,108,334
2665,11/9/2013 17:01:29,109,338
2492,11/12/2013 6:21:57,109,337
8738,11/7/2013 20:25:39,109,338
7173,11/10/2013 7:00:20,109,337
6978,11/11/2013 23:25:57,109,338
6909,11/10/2013 7:29:20,109,338
2546,11/12/2013 23:33:38,109,338
4132,11/11/2013 20:39:25,109,338
5453,11/10/2013 11:18:18,109,337
735,11/12/2013 20:07:39,110,342
6453,11/12/2013 4:25:59,110,342
9890,11/13/2013 7:33:15,110,339
4950,11/8/2013 10:27:58,110,340
973,11/9/2013 10:58:50,110,339
6330,11/6/2013 22:53:29,110,342
7559,11/12/2013 9:25:57,110,339
2280,11/10/2013 14:07:07,110,342
7578,11/8/2013 16:30:27,111,343
3175,11/12/2013 20:19:29,111,343
8760,11/12/2013 9:11:28,111,345
5070,11/11/2013 4:25:08,111,344
6110,11/12/2013 21:54:05,111,344
6433,11/10/2013 11:28:34,111,344
2938,11/9/2013 16:16:52,111,344
9596,11/9/2013 22:18:12,112,346
5128,11/12/2013 15:44:08,112,348
3426,11/10/2013 12:40:48,112,347
3976,11/12/2013 20:23:25,112,349
80,11/10/2013 20:33:37,113,352
5879,11/9/2013 21:37:35,113,351
3740,11/11/2013 2:01:14,113,352
9370,11/10/2013 6:12:20,114,353
640,11/8/2013 1:06:26,114,354
2790,11/11/2013 16:50:34,114,353
1854,11/10/2013 10:33:15,114,354
9350,11/9/2013 11:23:23,114,354
4873,11/8/2013 10:50:29,114,354
3970,11/9/2013 7:41:34,114,354
8789,11/12/2013 4:04:21,114,354
4436,11/7/2013 18:25:15,115,355
8420,11/10/2013 16:50:56,115,357
4978,11/7/2013 0:20:08,115,355
3228,11/7/2013 16:50:49,115,355
5257,11/7/2013 4:03:37,115,355
2049,11/12/2013 12:52:38,115,356
1395,11/8/2013 0:07:31,115,357
6611,11/8/2013 5:00:43,116,359
5969,11/8/2013 3:37:05,116,358
5813,11/7/2013 9:55:03,117,364
7051,11/6/2013 22:33:27,117,361
4798,11/8/2013 3:55:51,117,364
3526,11/10/2013 18:58:31,117,364
860,11/13/2013 9:10:34,117,362
822,11/10/2013 6:25:58,117,362
3013,11/12/2013 4:20:14,117,363
5850,11/7/2013 16:07:31,120,376
5455,11/13/2013 6:01:56,120,373
165,11/6/2013 20:32:03,120,374
1462,11/8/2013 2:31:31,120,375
511,11/10/2013 16:14:18,120,373
5129,11/11/2013 18:35:09,120,376
8213,11/13/2013 2:48:51,121,378
3325,11/11/2013 11:53:54,121,377
668,11/12/2013 13:36:24,121,378
597,11/10/2013 21:08:23,121,377
3250,11/7/2013 8:58:14,121,378
9086,11/8/2013 21:44:38,121,379
7017,11/13/2013 2:06:32,121,378
9100,11/8/2013 23:40:45,121,377
5642,11/8/2013 5:29:37,121,378
1345,11/6/2013 22:37:45,122,382
6722,11/11/2013 21:16:03,122,383
8248,11/6/2013 22:20:37,122,381
7683,11/10/2013 1:53:43,122,383
5376,11/12/2013 22:38:48,122,383
4927,11/12/2013 16:00:49,122,384
4243,11/6/2013 23:14:35,123,386
3813,11/7/2013 10:25:48,123,387
7137,11/8/2013 14:35:54,123,385
767,11/9/2013 19:15:00,123,385
2150,11/9/2013 6:37:34,123,385
1814,11/8/2013 5:12:55,123,387
8825,11/6/2013 21:53:22,123,387
1218,11/9/2013 10:51:00,123,385
5650,11/9/2013 10:05:36,125,392
2669,11/9/2013 14:10:28,125,391
1328,11/12/2013 0:30:38,125,391
350,11/10/2013 13:05:35,125,393
8081,11/10/2013 8:32:33,125,392
9079,11/8/2013 18:03:36,125,392
4588,11/10/2013 6:16:10,126,394
4467,11/11/2013 0:49:58,126,394
537,11/13/2013 11:51:12,126,394
2176,11/12/2013 1:27:05,126,394
6518,11/12/2013 17:20:27,126,394
8150,11/11/2013 16:40:18,126,394
9590,11/9/2013 19:33:00,126,394
7031,11/7/2013 18:18:22,126,394
4742,11/11/2013 16:37:10,126,394
7513,11/10/2013 16:13:25,127,397
1267,11/10/2013 18:55:03,127,399
1495,11/12/2013 7:46:02,127,399
6673,11/10/2013 11:40:03,127,397
6745,11/9/2013 4:43:30,127,398
1324,11/12/2013 1:11:31,127,395
9487,11/6/2013 18:28:01,128,400
5058,11/11/2013 15:29:02,128,400
628,11/10/2013 9:47:20,129,401
2290,11/12/2013 3:34:09,129,401
7142,11/8/2013 5:36:48,129,401
7468,11/13/2013 9:08:41,129,401
3771,11/8/2013 21:09:15,129,401
8264,11/13/2013 2:50:00,129,401
5154,11/12/2013 20:14:49,129,401
2777,11/8/2013 23:49:49,129,401
8420,11/13/2013 8:03:25,131,406
7295,11/12/2013 22:57:39,131,406
7811,11/7/2013 7:18:49,131,406
7420,11/11/2013 0:51:06,131,406
3979,11/7/2013 0:44:56,131,406
8670,11/8/2013 9:56:25,131,406
613,11/9/2013 12:16:35,132,409
5386,11/7/2013 10:21:47,132,411
1054,11/8/2013 13:08:34,132,409
6648,11/9/2013 8:00:57,132,411
9334,11/9/2013 8:23:18,132,411
4381,11/8/2013 1:53:54,132,411
645,11/12/2013 12:40:17,132,408
2224,11/10/2013 6:15:01,132,407
4310,11/11/2013 1:13:33,133,414
8130,11/8/2013 11:08:08,133,414
4791,11/8/2013 0:37:20,133,415
7009,11/13/2013 5:39:15,133,412
8784,11/7/2013 18:14:29,133,412
8332,11/11/2013 18:17:31,134,417
9819,11/10/2013 10:06:54,134,417
2356,11/11/2013 18:40:09,134,416
7640,11/13/2013 8:29:24,134,417
3597,11/7/2013 8:43:10,134,416
6636,11/7/2013 18:42:41,134,416
8679,11/10/2013 20:41:02,135,422
480,11/8/2013 17:02:17,136,425
748,11/7/2013 10:03:53,136,425
9656,11/10/2013 5:29:51,136,425
4953,11/7/2013 21:43:20,136,425
1577,11/11/2013 16:09:03,138,430
199,11/10/2013 2:19:49,138,431
1791,11/9/2013 17:51:30,138,430
7516,11/7/2013 18:13:44,138,429
471,11/9/2013 10:53:26,138,428
2927,11/10/2013 21:40:47,138,430
9676,11/9/2013 15:48:20,138,430
8730,11/7/2013 2:20:47,138,430
6978,11/13/2013 3:58:25,139,433
9570,11/8/2013 2:12:16,139,433
7250,11/13/2013 12:01:42,140,435
530,11/9/2013 16:16:17,141,436
8678,11/8/2013 23:04:31,141,436
8114,11/9/2013 8:05:49,141,436
3422,11/13/2013 9:18:24,141,436
6356,11/8/2013 21:05:11,142,437
5826,11/12/2013 7:38:02,142,438
7833,11/11/2013 7:38:03,142,438
219,11/10/2013 6:53:37,142,438
6472,11/8/2013 21:58:39,142,437
4874,11/11/2013 17:08:39,142,438
8145,11/12/2013 20:20:59,142,437
9847,11/12/2013 3:14:30,142,438
8316,11/12/2013 19:56:21,142,437
8654,11/8/2013 3:48:13,143,441
4430,11/13/2013 15:45:56,143,442
4642,11/10/2013 8:38:57,143,442
8373,11/8/2013 6:02:43,143,444
8030,11/12/2013 3:10:54,143,440
1536,11/13/2013 2:49:56,143,442
73,11/9/2013 12:07:40,143,440
5352,11/7/2013 17:48:22,144,445
1777,11/11/2013 1:15:27,144,448
5014,11/9/2013 23:12:22,144,447
780,11/8/2013 16:25:28,144,445
8570,11/6/2013 19:17:13,144,445
2170,11/10/2013 13:54:26,144,445
3411,11/7/2013 21:38:54,145,450
1644,11/11/2013 5:29:35,145,449
836,11/10/2013 19:18:36,145,450
7194,11/11/2013 11:49:03,145,452
3431,11/7/2013 19:33:00,145,449
4542,11/8/2013 6:53:36,145,449
3329,11/9/2013 16:24:02,145,451
1564,11/11/2013 21:39:26,146,454
5755,11/11/2013 2:02:45,146,454
3579,11/12/2013 1:11:21,146,454
3260,11/11/2013 4:48:38,146,453
2533,11/12/2013 6:31:38,147,456
4378,11/11/2013 15:24:34,148,460
7118,11/10/2013 20:06:44,148,462
2472,11/9/2013 6:32:44,148,461
110,11/7/2013 13:28:56,148,459
2350,11/12/2013 0:17:46,148,461
2896,11/10/2013 20:33:41,148,461
4856,11/8/2013 2:01:23,150,472
4933,11/7/2013 20:50:40,150,469
5654,11/10/2013 3:32:28,150,471
5576,11/7/2013 11:50:13,150,468
5046,11/11/2013 22:27:33,150,469
8548,11/7/2013 8:20:05,150,471
2614,11/7/2013 12:46:10,151,473
3422,11/11/2013 5:11:58,151,473
6986,11/12/2013 3:47:48,151,473
7509,11/6/2013 19:34:06,151,473
281,11/7/2013 3:21:38,151,473
2030,11/8/2013 7:02:24,151,473
5067,11/6/2013 17:10:15,151,473
1944,11/13/2013 16:34:25,151,473
7095,11/7/2013 22:18:57,152,474
977,11/9/2013 21:20:03,152,474
4368,11/8/2013 13:53:17,152,475
3629,11/10/2013 11:48:22,152,474
2347,11/13/2013 7:11:47,152,475
8980,11/8/2013 2:12:32,152,474
9131,11/9/2013 16:48:40,152,474
5734,11/11/2013 5:02:14,152,475
4247,11/9/2013 18:29:10,152,475
7075,11/11/2013 4:57:36,153,477
1628,11/7/2013 6:14:32,153,477
8925,11/8/2013 13:41:14,153,479
98,11/7/2013 21:54:27,153,478
5446,11/10/2013 0:45:25,153,479
6370,11/8/2013 22:41:45,153,478
4847,11/8/2013 8:17:53,153,477
759,11/9/2013 12:55:51,154,481
9623,11/9/2013 16:54:22,154,481
9112,11/12/2013 4:56:03,154,480
4465,11/9/2013 18:46:36,154,482
4559,11/7/2013 20:58:02,155,483
7233,11/9/2013 11:01:50,155,484
110,11/10/2013 15:21:09,155,483
8796,11/12/2013 11:12:16,155,485
2144,11/10/2013 10:13:14,155,483
770,11/9/2013 23:56:33,155,484
7845,11/8/2013 7:00:41,156,487
892,11/9/2013 22:13:44,156,488
3993,11/13/2013 5:31:04,156,490
525,11/8/2013 3:03:57,157,494
6994,11/8/2013 20:00:33,157,491
4040,11/11/2013 7:44:49,157,493
672,11/10/2013 3:39:33,157,492
9358,11/8/2013 11:46:48,157,492
827,11/7/2013 1:43:22,157,494
280,11/11/2013 23:10:41,157,493
9357,11/12/2013 20:52:32,157,492
9382,11/10/2013 4:09:11,157,493
6100,11/10/2013 21:19:00,158,497
8594,11/9/2013 16:36:34,158,497
8643,11/7/2013 19:13:32,158,498
5323,11/7/2013 12:00:48,158,498
1481,11/11/2013 2:42:13,158,498
5240,11/13/2013 6:58:43,158,497
2596,11/12/2013 17:29:02,158,496
2620,11/9/2013 7:11:15,158,496
8957,11/12/2013 13:35:01,158,496
7326,11/8/2013 21:42:24,159,500
888,11/7/2013 23:48:37,159,499
3319,11/13/2013 11:23:21,159,499
3070,11/7/2013 17:38:14,160,502
3571,11/6/2013 19:42:35,160,501
5098,11/8/2013 18:02:40,160,501
3120,11/10/2013 1:30:26,160,505
2854,11/6/2013 19:12:05,162,514
5536,11/6/2013 19:01:13,162,512
3968,11/9/2013 8:03:42,163,519
9643,11/10/2013 6:40:11,163,519
9493,11/12/2013 18:52:10,163,516
30,11/11/2013 3:08:36,163,519
211,11/7/2013 22:03:43,163,517
1632,11/13/2013 9:09:36,164,522
9056,11/13/2013 5:34:14,164,524
5960,11/13/2013 7:58:15,164,521
6509,11/7/2013 21:45:11,164,524
9440,11/11/2013 12:35:07,164,520
5948,11/6/2013 22:30:07,164,522
5110,11/9/2013 1:02:31,164,523
9887,11/7/2013 2:34:13,164,523
9216,11/13/2013 10:06:02,165,529
2432,11/9/2013 9:40:57,165,529
3349,11/10/2013 7:06:49,165,529
4516,11/9/2013 15:40:54,165,525
7865,11/8/2013 12:05:37,166,531
2364,11/13/2013 11:44:39,166,531
4423,11/7/2013 20:26:32,166,532
6043,11/13/2013 12:54:55,166,531
6314,11/12/2013 7:24:59,166,532
533,11/9/2013 13:29:42,166,530
161,11/13/2013 15:00:19,166,531
5147,11/8/2013 7:42:31,166,532
3331,11/11/2013 12:09:30,167,537
250,11/12/2013 16:41:13,167,536
9682,11/11/2013 10:15:46,167,534
444,11/7/2013 10:42:36,167,535
5010,11/9/2013 13:08:12,168,538
8610,11/12/2013 5:39:11,168,538
9645,11/12/2013 17:58:11,168,538
7437,11/10/2013 14:18:31,168,538
7940,11/11/2013 19:29:41,168,538
9280,11/7/2013 21:59:41,169,539
8964,11/11/2013 18:26:27,169,539
1270,11/8/2013 15:19:25,169,539
8654,11/7/2013 10:15:09,169,539
1519,11/7/2013 9:24:09,169,539
158,11/7/2013 2:36:07,169,539
1288,11/9/2013 19:32:05,169,539
2600,11/10/2013 0:34:14,170,541
7398,11/13/2013 8:42:54,170,540
7151,11/7/2013 22:57:53,170,541
345,11/9/2013 18:43:23,170,540
5457,11/13/2013 6:48:47,170,542
1460,11/9/2013 22:09:38,170,542
6778,11/11/2013 11:24:56,170,540
3440,11/6/2013 23:43:14,171,544
2157,11/8/2013 5:12:48,171,544
3118,11/12/2013 2:50:28,171,543
810,11/11/2013 14:57:13,171,545
7912,11/12/2013 21:33:44,171,543
894,11/13/2013 10:58:53,172,546
7920,11/13/2013 7:54:49,172,548
2011,11/9/2013 21:42:46,172,546
517,11/7/2013 15:51:15,172,547
8313,11/9/2013 22:36:24,172,547
1120,11/11/2013 11:19:42,172,547
5020,11/11/2013 4:18:32,172,548
3112,11/10/2013 9:45:32,172,546
6838,11/10/2013 10:12:47,172,547
9850,11/9/2013 12:26:39,174,555
4570,11/11/2013 16:05:02,174,554
8920,11/12/2013 6:55:50,175,556
6237,11/11/2013 16:05:18,175,557
3874,11/9/2013 16:59:41,175,556
7534,11/7/2013 20:38:31,175,557
4822,11/12/2013 2:34:30,175,557
7865,11/11/2013 6:35:51,176,560
5763,11/10/2013 22:23:49,176,561
3479,11/12/2013 11:50:07,176,559
8274,11/10/2013 2:32:09,176,561
2900,11/11/2013 12:38:08,176,558
6594,11/10/2013 2:00:25,176,559
2980,11/9/2013 5:08:26,176,559
3250,11/7/2013 14:26:45,176,559
5170,11/7/2013 2:20:21,176,561
8899,11/12/2013 4:53:29,177,565
2576,11/7/2013 20:43:36,177,563
5710,11/7/2013 4:07:09,177,565
9391,11/12/2013 8:06:06,177,565
787,11/7/2013 16:41:34,177,564
6417,11/8/2013 15:54:42,178,569
6695,11/13/2013 8:45:37,178,568
6884,11/9/2013 1:26:37,178,567
8250,11/11/2013 16:07:04,179,571
6340,11/12/2013 12:55:32,181,578
890,11/13/2013 4:17:49,181,578
6940,11/9/2013 18:08:41,181,578
2341,11/9/2013 14:49:38,181,578
9220,11/8/2013 17:44:47,182,580
8379,11/9/2013 15:12:54,182,580
5260,11/8/2013 3:58:54,182,580
6740,11/7/2013 15:58:33,182,579
8876,11/13/2013 11:26:02,183,586
8932,11/11/2013 5:46:06,183,582
6780,11/10/2013 18:55:36,184,587
2556,11/10/2013 8:54:10,184,587
7220,11/12/2013 4:23:41,184,587
1470,11/7/2013 17:36:08,184,587
8341,11/6/2013 21:08:20,184,587
8579,11/7/2013 16:19:39,184,587
814,11/12/2013 10:38:20,185,588
5247,11/12/2013 21:16:40,186,589
2099,11/11/2013 5:19:13,186,589
390,11/11/2013 0:31:39,186,589
8298,11/7/2013 7:22:59,186,590
2359,11/12/2013 0:54:00,187,591
5538,11/9/2013 3:09:33,187,593
5654,11/8/2013 2:22:03,189,599
6110,11/8/2013 23:11:16,189,596
9382,11/10/2013 3:30:34,189,597
2783,11/11/2013 4:48:15,189,599
438,11/8/2013 18:58:55,189,598
8138,11/7/2013 7:30:21,189,598
7429,11/13/2013 9:46:29,189,597
4298,11/10/2013 4:11:56,189,599
2681,11/7/2013 23:22:03,189,599
4636,11/7/2013 20:20:19,190,602
564,11/7/2013 18:52:56,190,602
4691,11/12/2013 4:50:14,190,601
4467,11/10/2013 14:46:16,190,602
8280,11/11/2013 22:54:56,190,602
6312,11/8/2013 4:15:07,190,602
2928,11/11/2013 20:51:50,191,603
4412,11/8/2013 14:19:52,191,604
2078,11/7/2013 9:59:02,191,605
8039,11/13/2013 6:15:37,191,604
7263,11/11/2013 6:07:48,192,609
3979,11/8/2013 20:31:13,192,608
7987,11/11/2013 19:13:19,192,607
458,11/8/2013 0:38:13,192,610
2542,11/13/2013 8:52:28,193,613
3921,11/13/2013 6:47:49,194,617
9140,11/11/2013 15:26:01,194,617
7066,11/6/2013 19:20:10,194,617
4561,11/10/2013 0:32:58,194,616
9721,11/8/2013 15:07:20,194,616
3920,11/9/2013 9:13:54,194,617
67,11/12/2013 14:28:35,194,617
754,11/7/2013 4:51:22,194,616
4300,11/10/2013 21:44:29,195,618
476,11/9/2013 15:01:00,196,625
4040,11/7/2013 7:25:38,197,628
7097,11/9/2013 9:13:58,197,629
7809,11/11/2013 1:22:06,198,633
9223,11/10/2013 2:01:44,198,633
4299,11/10/2013 6:50:26,198,631
7514,11/9/2013 3:24:55,198,630
9583,11/7/2013 9:30:00,198,632
2236,11/11/2013 16:21:29,198,631
4770,11/12/2013 3:15:25,200,635
7773,11/10/2013 1:48:51,201,637
2599,11/11/2013 15:23:00,201,638
2189,11/10/2013 3:52:16,201,637
3243,11/8/2013 9:50:15,202,639
7097,11/12/2013 21:28:04,202,639
7534,11/8/2013 7:45:05,202,639
4217,11/8/2013 6:14:04,202,639
1620,11/10/2013 15:27:00,202,639
9266,11/13/2013 12:00:29,202,639
5160,11/12/2013 3:01:05,202,639
8510,11/10/2013 18:16:33,202,639
482,11/11/2013 21:50:01,203,641
969,11/13/2013 7:25:12,203,641
6567,11/9/2013 21:30:56,203,641
8980,11/13/2013 0:18:08,203,641
8078,11/6/2013 18:36:16,203,641
7120,11/8/2013 20:25:11,204,644
4281,11/11/2013 11:31:55,205,646
7981,11/11/2013 1:39:34,205,646
1145,11/12/2013 8:32:28,205,646
9738,11/7/2013 10:28:08,205,646
2935,11/8/2013 19:25:28,205,646
7823,11/11/2013 22:35:23,205,646
8428,11/12/2013 11:22:10,205,646
5215,11/7/2013 4:06:45,205,646
2210,11/13/2013 11:41:20,207,650
8238,11/7/2013 18:38:04,207,651
2729,11/9/2013 19:27:19,207,652
3590,11/10/2013 2:03:17,207,650
3667,11/12/2013 18:52:17,207,652
8550,11/10/2013 9:02:52,207,650
828,11/10/2013 12:49:28,207,653
5767,11/9/2013 12:12:18,207,652
6431,11/9/2013 9:46:05,207,653
1593,11/10/2013 15:25:48,208,654
7381,11/7/2013 21:05:14,208,656
3411,11/9/2013 10:17:44,209,662
3634,11/7/2013 23:29:32,209,660
3148,11/12/2013 5:35:33,209,662
4150,11/9/2013 14:47:06,209,662
8028,11/9/2013 21:25:41,209,660
491,11/8/2013 22:19:49,209,661
5914,11/13/2013 0:47:13,209,660
661,11/13/2013 11:42:26,210,664
6070,11/12/2013 13:58:20,210,664
1355,11/9/2013 5:28:50,210,664
6350,11/12/2013 0:50:32,210,664
2681,11/7/2013 5:29:46,210,664
6912,11/12/2013 6:26:18,211,665
8790,11/11/2013 0:05:19,211,665
3472,11/12/2013 20:03:00,211,665
3096,11/7/2013 0:01:35,211,666
2030,11/11/2013 21:37:15,211,665
9332,11/10/2013 12:01:05,211,666
4521,11/12/2013 22:56:28,211,666
5874,11/13/2013 13:24:55,211,666
4926,11/7/2013 7:55:08,211,665
7765,11/8/2013 18:34:46,212,668
4721,11/9/2013 17:34:40,212,670
9640,11/8/2013 0:15:25,212,667
574,11/7/2013 12:38:46,212,668
5393,11/13/2013 3:46:08,212,668
5670,11/10/2013 12:07:51,212,670
5376,11/7/2013 5:29:44,212,667
1948,11/10/2013 20:12:36,212,669
4914,11/11/2013 16:20:41,212,669
4614,11/10/2013 19:43:12,213,671
3239,11/8/2013 5:26:08,214,674
5318,11/12/2013 9:46:58,214,673
5034,11/12/2013 13:18:35,214,673
2154,11/7/2013 12:43:40,214,674
6645,11/11/2013 20:00:00,214,673
9820,11/12/2013 8:57:38,214,672
514,11/11/2013 12:20:13,214,674
9290,11/13/2013 10:39:08,214,674
9173,11/8/2013 10:11:16,215,677
6525,11/10/2013 20:25:09,215,676
5315,11/13/2013 16:07:15,215,675
7025,11/7/2013 13:12:25,215,675
5657,11/9/2013 20:56:20,215,677
8599,11/9/2013 20:45:58,215,677
1269,11/9/2013 9:04:43,216,682
7439,11/6/2013 22:54:45,216,680
4276,11/9/2013 18:26:37,216,678
2231,11/9/2013 22:32:53,216,681
4300,11/12/2013 5:35:39,216,680
6014,11/12/2013 1:30:04,216,681
2317,11/6/2013 20:45:58,216,679
24,11/10/2013 20:28:36,216,681
9240,11/11/2013 8:59:51,217,683
4218,11/6/2013 22:19:29,217,683
2659,11/13/2013 13:45:25,217,683
3268,11/13/2013 1:17:43,217,683
2445,11/9/2013 16:34:00,217,683
9880,11/9/2013 14:19:13,217,683
5869,11/13/2013 6:26:40,217,683
3290,11/8/2013 16:00:16,217,683
6734,11/10/2013 14:03:17,217,683
3317,11/12/2013 3:17:47,219,689
7700,11/7/2013 2:55:33,219,690
6813,11/13/2013 0:52:21,220,694
6841,11/10/2013 10:57:23,220,694
6880,11/11/2013 14:53:31,220,694
8011,11/6/2013 21:35:13,221,699
834,11/13/2013 10:08:07,221,698
7023,11/12/2013 6:55:41,221,695
4847,11/13/2013 15:50:38,221,695
2944,11/13/2013 16:12:50,222,701
3878,11/12/2013 0:32:44,222,703
5836,11/13/2013 7:26:39,222,701
3147,11/13/2013 11:17:10,223,705
7019,11/13/2013 8:41:20,224,707
9233,11/11/2013 15:25:54,225,713
1365,11/12/2013 17:12:32,226,714
9054,11/13/2013 7:00:35,226,714
9872,11/7/2013 13:40:33,227,715
3170,11/7/2013 23:04:27,227,715
4587,11/7/2013 3:55:02,227,715
1192,11/12/2013 12:42:32,227,715
9470,11/11/2013 19:50:11,228,716
7220,11/8/2013 12:22:36,228,716
7264,11/8/2013 13:02:16,228,716
7270,11/7/2013 23:12:20,228,716
6619,11/11/2013 19:01:55,229,719
2948,11/8/2013 0:01:15,229,719
376,11/7/2013 15:45:05,229,718
4890,11/8/2013 5:21:11,229,721
6217,11/10/2013 7:47:22,229,720
5651,11/8/2013 6:08:37,229,717
6888,11/8/2013 9:42:54,229,717
560,11/10/2013 15:05:39,229,718
1259,11/11/2013 22:12:25,229,720
9660,11/8/2013 3:19:22,230,723
8897,11/13/2013 15:09:20,230,722
5517,11/10/2013 18:30:17,230,724
6709,11/12/2013 10:25:21,231,729
8484,11/8/2013 12:47:52,231,727
3852,11/7/2013 12:18:51,231,725
7690,11/11/2013 13:18:40,231,728
9172,11/7/2013 2:33:16,231,727
2370,11/7/2013 8:08:09,231,729
2469,11/7/2013 20:40:07,232,730
6652,11/10/2013 9:59:53,232,730
1275,11/11/2013 2:55:18,233,733
1541,11/10/2013 17:47:47,233,736
4478,11/11/2013 12:44:27,233,736
2570,11/10/2013 9:17:50,234,737
3393,11/8/2013 22:43:32,234,737
6217,11/11/2013 2:26:49,235,739
2827,11/8/2013 22:07:12,235,739
5298,11/9/2013 8:03:39,235,739
3810,11/11/2013 5:11:10,235,738
7737,11/9/2013 6:27:27,235,739
4124,11/11/2013 0:43:11,235,739
9880,11/7/2013 17:46:20,235,738
983,11/12/2013 17:55:32,235,739
4275,11/9/2013 17:19:30,236,740
649,11/12/2013 0:04:12,236,740
6956,11/7/2013 16:58:43,236,740
6345,11/11/2013 22:12:16,236,740
2364,11/8/2013 13:09:15,236,740
4955,11/13/2013 16:19:05,237,745
7997,11/7/2013 5:00:10,237,742
4823,11/10/2013 6:00:29,237,741
2475,11/11/2013 13:46:33,239,750
8083,11/12/2013 1:06:21,239,750
8668,11/9/2013 6:27:12,239,750
6043,11/10/2013 22:57:22,239,750
8175,11/10/2013 7:53:55,239,750
4268,11/8/2013 18:10:24,239,750
6933,11/12/2013 20:17:25,239,750
880,11/8/2013 0:46:56,239,750
873,11/10/2013 1:14:15,239,750
9113,11/10/2013 16:55:25,240,751
1761,11/7/2013 2:15:13,240,755
5024,11/13/2013 16:02:07,240,754
8168,11/11/2013 1:30:09,241,757
1335,11/6/2013 21:50:34,241,759
6994,11/11/2013 1:36:04,241,760
8388,11/10/2013 21:44:46,241,758
6142,11/8/2013 5:03:53,241,758
3760,11/11/2013 6:12:10,241,759
265,11/7/2013 10:03:40,241,756
540,11/8/2013 15:42:13,241,756
3570,11/7/2013 13:23:08,241,760
2831,11/9/2013 23:05:51,242,762
3646,11/8/2013 17:47:58,242,763
4929,11/12/2013 13:38:19,242,763
610,11/7/2013 5:17:25,243,768
7430,11/13/2013 15:28:26,244,769
4115,11/13/2013 8:03:32,244,772
7278,11/11/2013 10:15:20,244,769
8479,11/11/2013 12:44:17,244,770
2925,11/13/2013 2:20:43,244,770
5999,11/8/2013 19:31:12,244,770
3876,11/7/2013 23:21:53,245,774
3956,11/7/2013 10:14:17,245,776
7943,11/8/2013 18:27:24,245,773
5665,11/10/2013 21:09:57,245,776
2180,11/11/2013 17:03:30,245,774
3538,11/7/2013 19:04:03,245,773
328,11/10/2013 20:10:40,245,773
3686,11/11/2013 7:50:29,246,778
1997,11/7/2013 0:40:56,246,778
7266,11/8/2013 21:08:26,246,777
2222,11/9/2013 4:22:16,247,780
1726,11/13/2013 15:16:41,247,781
7252,11/9/2013 2:11:59,247,780
6783,11/6/2013 19:32:09,248,784
796,11/11/2013 16:38:07,248,785
1839,11/11/2013 2:49:37,249,789
639,11/8/2013 14:34:30,249,787
1811,11/8/2013 23:45:50,249,787
3722,11/8/2013 5:16:06,250,790
2834,11/11/2013 1:28:16,251,795
4760,11/7/2013 22:51:41,251,794
4651,11/10/2013 8:06:16,251,795
2010,11/12/2013 8:05:00,251,797
8572,11/8/2013 21:40:18,251,794
3927,11/10/2013 23:28:42,251,796
8990,11/7/2013 7:36:43,251,797
4729,11/13/2013 8:17:15,252,800
2617,11/12/2013 2:48:13,252,799
4610,11/13/2013 13:32:12,252,799
8991,11/8/2013 7:51:08,252,800
3295,11/11/2013 7:16:51,252,799
4365,11/8/2013 13:55:31,252,800
7231,11/12/2013 1:54:41,252,800
8642,11/8/2013 13:23:32,253,802
6264,11/8/2013 10:52:06,253,801
813,11/11/2013 10:13:18,253,802
1349,11/9/2013 11:30:19,253,801
152,11/9/2013 15:47:23,253,802
948,11/12/2013 17:29:26,253,801
3753,11/10/2013 7:13:38,254,803
2210,11/10/2013 6:35:09,254,805
3797,11/7/2013 5:41:02,254,806
2619,11/7/2013 6:04:37,254,803
5491,11/10/2013 11:47:28,256,808
9844,11/8/2013 23:37:54,256,808
1878,11/10/2013 14:47:21,256,808
1165,11/8/2013 0:35:26,256,809
1110,11/8/2013 10:23:45,256,808
2580,11/8/2013 13:30:05,256,808
2946,11/7/2013 11:38:26,256,808
1985,11/12/2013 17:51:12,256,809
2453,11/9/2013 14:32:15,256,809
2123,11/9/2013 5:20:02,257,812
1848,11/12/2013 13:13:45,257,812
3722,11/7/2013 10:03:26,257,812
9127,11/11/2013 8:46:36,257,811
9776,11/7/2013 8:30:00,257,811
1520,11/10/2013 7:42:43,258,813
9141,11/11/2013 12:56:18,258,813
2477,11/13/2013 15:38:36,258,813
7809,11/7/2013 16:23:06,259,816
1685,11/12/2013 21:58:27,259,815
2319,11/12/2013 5:58:17,259,815
2028,11/8/2013 1:45:59,259,814
5244,11/8/2013 18:12:05,259,815
7048,11/8/2013 13:43:03,259,815
6922,11/7/2013 3:44:23,260,818
8461,11/13/2013 3:17:28,261,821
6298,11/7/2013 9:11:01,261,819
8754,11/9/2013 19:34:15,261,819
1477,11/10/2013 8:30:37,261,821
3936,11/8/2013 8:11:17,262,824
1143,11/9/2013 10:10:13,262,823
9731,11/10/2013 20:17:25,262,824
4754,11/11/2013 17:21:49,262,822
3434,11/6/2013 23:24:48,262,823
2916,11/8/2013 3:26:04,262,825
7923,11/10/2013 8:21:02,262,822
3927,11/8/2013 9:27:58,262,823
4924,11/11/2013 4:41:37,262,824
7538,11/8/2013 0:41:36,263,826
1732,11/8/2013 15:11:32,263,826
941,11/12/2013 17:39:31,263,829
8486,11/11/2013 18:42:15,263,827
2020,11/7/2013 15:10:01,263,826
3879,11/11/2013 9:11:01,263,829
56,11/11/2013 19:58:03,263,828
8712,11/11/2013 18:40:28,263,827
1850,11/12/2013 22:13:54,263,826
7765,11/13/2013 8:19:13,264,831
742,11/7/2013 16:07:52,264,831
6766,11/11/2013 14:57:07,264,831
9450,11/10/2013 5:04:23,264,830
8327,11/6/2013 20:13:20,264,831
7553,11/9/2013 11:36:54,265,833
3332,11/11/2013 18:03:00,265,835
8965,11/12/2013 2:23:37,267,837
7444,11/7/2013 21:12:51,268,839
7548,11/12/2013 18:05:33,268,838
2459,11/9/2013 14:54:19,268,839
8285,11/8/2013 11:24:08,269,844
66,11/13/2013 15:52:53,269,844
4690,11/10/2013 5:35:23,269,845
9350,11/11/2013 19:48:00,269,845
2027,11/8/2013 1:46:56,269,844
4032,11/10/2013 8:14:42,269,843
4935,11/6/2013 16:52:59,270,847
8993,11/10/2013 11:29:09,270,847
4350,11/10/2013 3:10:25,270,847
6055,11/7/2013 16:35:58,270,847
6192,11/13/2013 8:18:27,270,847
8690,11/7/2013 16:58:03,271,849
5128,11/10/2013 17:22:40,271,851
3531,11/11/2013 21:19:41,271,851
4277,11/10/2013 19:32:13,271,849
4726,11/7/2013 16:45:23,271,851
1449,11/8/2013 22:26:43,271,851
5031,11/11/2013 11:06:10,272,853
9800,11/11/2013 2:03:55,272,853
3892,11/12/2013 0:01:45,272,853
5240,11/11/2013 20:28:52,272,853
9571,11/6/2013 18:50:10,273,854
8062,11/13/2013 9:04:08,273,854
7418,11/10/2013 7:41:36,273,854
5144,11/11/2013 0:58:59,273,854
6285,11/12/2013 0:10:26,273,854
5277,11/9/2013 9:29:04,273,854
8122,11/11/2013 18:12:53,273,854
1325,11/7/2013 1:35:24,273,854
2421,11/11/2013 18:51:40,273,854
8623,11/11/2013 0:38:10,274,858
9530,11/9/2013 14:25:29,274,858
9483,11/11/2013 8:00:20,274,856
215,11/8/2013 23:28:46,274,859
5228,11/12/2013 17:31:40,274,856
9117,11/10/2013 14:27:14,274,857
8460,11/7/2013 14:57:42,274,858
5342,11/9/2013 3:30:26,274,857
2210,11/10/2013 13:43:58,275,860
6956,11/10/2013 23:05:42,275,862
3613,11/7/2013 12:02:04,275,863
6993,11/8/2013 4:25:58,275,862
1978,11/9/2013 3:50:47,275,861
3372,11/8/2013 9:07:39,275,863
2178,11/13/2013 9:53:25,276,864
8652,11/10/2013 17:30:29,276,864
2827,11/13/2013 5:04:57,276,868
7870,11/12/2013 11:34:38,276,864
9220,11/10/2013 15:06:40,277,869
1050,11/9/2013 5:58:03,277,869
8651,11/7/2013 7:50:07,277,870
6494,11/7/2013 17:47:07,277,869
848,11/9/2013 1:56:36,277,870
5491,11/10/2013 22:13:14,277,869
3750,11/11/2013 19:02:47,278,871
2684,11/13/2013 3:11:32,278,871
8829,11/12/2013 21:15:24,278,871
8466,11/12/2013 21:35:02,279,872
8330,11/7/2013 8:25:15,280,878
9432,11/12/2013 17:17:35,280,877
8050,11/8/2013 11:59:04,280,877
50,11/9/2013 6:35:43,280,878
6178,11/7/2013 5:53:16,280,878
2744,11/9/2013 5:59:47,280,879
482,11/12/2013 5:50:41,280,878
720,11/10/2013 17:37:00,280,879
2138,11/10/2013 16:23:56,283,889
1960,11/10/2013 10:21:22,283,887
7059,11/7/2013 17:59:52,283,889
8451,11/10/2013 0:26:31,283,890
7693,11/7/2013 22:11:41,283,888
1675,11/13/2013 7:20:14,283,889
1464,11/8/2013 16:42:16,283,887
1160,11/8/2013 18:31:29,284,891
1694,11/9/2013 14:11:39,284,891
2559,11/8/2013 5:52:11,284,892
4512,11/13/2013 2:21:16,284,891
6690,11/7/2013 11:26:57,285,893
6548,11/7/2013 18:17:55,285,894
3985,11/13/2013 9:12:51,286,899
4058,11/7/2013 22:13:54,286,899
5435,11/6/2013 23:08:26,286,895
4910,11/13/2013 2:19:15,287,901
582,11/10/2013 12:27:54,287,903
8816,11/10/2013 1:24:56,287,902
3443,11/11/2013 8:10:31,287,903
3550,11/8/2013 17:46:06,287,902
6755,11/9/2013 1:53:43,287,901
7245,11/13/2013 1:25:25,288,904
9537,11/12/2013 12:23:45,289,906
8550,11/12/2013 13:21:14,289,905
7847,11/13/2013 0:07:48,289,906
5992,11/11/2013 4:37:14,289,906
1019,11/13/2013 5:41:45,289,906
8187,11/12/2013 21:07:40,290,909
3626,11/9/2013 14:16:38,290,910
370,11/6/2013 22:16:15,290,908
1964,11/11/2013 7:18:10,290,908
5258,11/11/2013 9:58:37,290,911
2593,11/7/2013 20:00:56,290,909
4962,11/10/2013 20:58:13,290,908
3137,11/8/2013 7:15:11,290,908
3318,11/10/2013 4:07:22,290,909
5091,11/8/2013 10:20:26,291,912
7751,11/6/2013 18:33:18,291,912
6099,11/9/2013 2:45:37,292,914
1082,11/11/2013 21:58:19,292,914
4675,11/11/2013 20:32:21,292,914
3249,11/13/2013 6:40:08,292,914
1591,11/7/2013 1:31:07,292,914
121,11/9/2013 15:01:28,292,914
3340,11/12/2013 12:35:17,294,921
8890,11/11/2013 9:50:57,294,919
8971,11/12/2013 22:08:23,294,921
5643,11/11/2013 13:54:36,294,921
1973,11/7/2013 22:16:10,294,921
9630,11/9/2013 3:32:46,294,920
5999,11/13/2013 16:13:34,295,922
4918,11/7/2013 17:12:03,295,922
5585,11/7/2013 13:38:13,296,926
5080,11/9/2013 4:27:41,296,927
8979,11/10/2013 21:55:29,296,925
4686,11/12/2013 10:28:40,296,926
3536,11/10/2013 8:35:42,296,927
8739,11/13/2013 10:42:32,297,928
1156,11/7/2013 21:32:22,297,928
1618,11/10/2013 21:02:11,297,928
3354,11/6/2013 18:50:22,299,936
1957,11/9/2013 23:33:14,299,937
9746,11/6/2013 22:48:38,300,938
5147,11/12/2013 15:20:12,300,938
7548,11/7/2013 0:45:47,300,938
2659,11/10/2013 16:31:46,300,938
6875,11/12/2013 12:32:16,300,938
8233,11/11/2013 18:53:36,300,938
8489,11/9/2013 19:23:07,301,942
8876,11/10/2013 23:12:42,302,943
4054,11/8/2013 7:02:05,302,943
6550,11/10/2013 19:54:39,302,943
9850,11/13/2013 1:37:16,302,943
8652,11/10/2013 5:59:28,302,943
6848,11/12/2013 8:53:39,303,946
665,11/11/2013 3:25:03,303,946
5087,11/12/2013 15:56:20,303,946
2974,11/8/2013 11:26:46,304,949
9127,11/12/2013 16:20:57,304,947
340,11/7/2013 16:26:42,304,948
59,11/7/2013 16:01:53,304,949
918,11/11/2013 8:14:05,304,948
2924,11/13/2013 12:48:51,304,949
3646,11/10/2013 3:14:01,304,949
3040,11/13/2013 5:50:23,305,950
9223,11/10/2013 4:14:12,305,951
1343,11/10/2013 15:34:30,305,951
7570,11/12/2013 4:53:16,305,950
816,11/11/2013 21:47:23,305,951
2048,11/10/2013 11:05:25,305,951
6929,11/12/2013 7:43:17,305,950
1680,11/11/2013 23:15:53,305,951
4131,11/11/2013 22:45:18,305,951
6877,11/10/2013 1:03:16,306,952
2220,11/11/2013 8:31:22,306,952
3268,11/8/2013 19:44:30,307,955
4590,11/12/2013 7:08:17,308,958
3710,11/8/2013 8:41:07,308,958
3290,11/8/2013 15:29:47,308,959
2874,11/10/2013 7:34:34,308,956
9360,11/7/2013 23:31:23,309,960
9238,11/11/2013 2:46:48,309,960
1557,11/7/2013 19:35:24,309,960
5510,11/7/2013 12:41:07,309,960
7623,11/9/2013 22:14:15,309,960
885,11/11/2013 18:14:31,309,960
2662,11/9/2013 3:32:07,309,960
3135,11/9/2013 18:05:33,309,960
7430,11/11/2013 19:55:23,310,961
143,11/10/2013 5:59:07,311,965
2088,11/12/2013 1:09:16,311,964
2352,11/9/2013 15:04:03,311,964
5471,11/8/2013 20:44:41,312,967
4599,11/11/2013 7:16:54,312,966
7641,11/7/2013 15:32:00,312,967
7853,11/10/2013 16:32:48,312,966
1342,11/10/2013 9:45:08,312,968
1081,11/10/2013 7:31:20,312,966
7920,11/8/2013 17:07:55,312,967
4350,11/13/2013 7:23:58,312,966
817,11/9/2013 20:30:44,312,968
7822,11/9/2013 21:56:28,313,971
7455,11/9/2013 1:00:42,313,970
8553,11/9/2013 3:53:40,313,969
3188,11/7/2013 6:07:10,314,973
1014,11/12/2013 5:07:45,314,974
5092,11/8/2013 2:05:43,314,976
7798,11/13/2013 5:32:50,314,975
5370,11/13/2013 3:46:33,314,973
1028,11/8/2013 9:40:01,314,975
3619,11/8/2013 9:10:15,314,973
3635,11/13/2013 1:31:36,315,977
4327,11/11/2013 0:53:32,315,977
2636,11/9/2013 5:20:11,315,978
4337,11/8/2013 15:24:53,316,980
8950,11/9/2013 8:59:38,316,980
6116,11/11/2013 13:22:47,316,979
8650,11/12/2013 2:44:05,316,980
5892,11/11/2013 8:20:11,316,981
3990,11/8/2013 3:51:01,316,980
4926,11/6/2013 16:56:31,317,983
2118,11/8/2013 17:40:14,317,983
9426,11/8/2013 14:09:33,317,982
8415,11/12/2013 3:13:58,318,986
539,11/10/2013 1:03:21,318,986
1283,11/12/2013 9:17:43,318,986
927,11/10/2013 22:16:43,319,990
5377,11/7/2013 12:32:57,319,989
6777,11/7/2013 15:41:36,319,989
3433,11/12/2013 4:20:15,319,988
3215,11/12/2013 17:26:52,320,991
3011,11/9/2013 2:07:11,321,993
8246,11/13/2013 3:13:10,321,994
4360,11/9/2013 4:54:59,321,994
2988,11/10/2013 8:01:04,322,997
8865,11/12/2013 0:27:05,322,996
461,11/11/2013 20:10:47,323,1001
9727,11/11/2013 11:07:09,324,1003
8430,11/8/2013 13:53:32,324,1002
1341,11/7/2013 6:33:05,324,1002
4676,11/7/2013 6:37:28,325,1005
2341,11/10/2013 6:26:01,325,1005
669,11/7/2013 16:10:46,325,1006
8036,11/10/2013 3:58:14,325,1006
4685,11/8/2013 12:25:25,325,1008
2679,11/7/2013 16:19:18,326,1010
2010,11/12/2013 12:19:33,327,1015
0,11/8/2013 12:50:03,327,1014
6361,11/7/2013 10:42:33,327,1016
7754,11/7/2013 15:27:22,327,1016
5156,11/8/2013 7:27:28,327,1013
6645,11/10/2013 22:55:15,327,1016
9858,11/12/2013 4:37:06,327,1017
1312,11/8/2013 1:04:30,328,1018
4214,11/8/2013 21:43:27,328,1018
3636,11/11/2013 3:21:08,328,1018
655,11/11/2013 11:00:03,328,1018
2939,11/8/2013 4:40:20,328,1018
8659,11/8/2013 1:33:29,329,1019
7284,11/7/2013 21:25:06,330,1020
2420,11/10/2013 4:41:14,331,1023
3870,11/7/2013 22:39:02,331,1023
4547,11/8/2013 14:20:19,331,1023
131,11/8/2013 10:53:56,331,1023
4826,11/7/2013 9:20:46,332,1024
1821,11/11/2013 9:01:08,332,1024
549,11/8/2013 23:28:46,332,1025
8184,11/12/2013 0:06:56,332,1024
4852,11/8/2013 19:49:56,332,1024
9266,11/8/2013 0:21:14,332,1024
8298,11/11/2013 8:22:50,332,1025
3840,11/10/2013 20:19:12,332,1024
2737,11/12/2013 3:11:41,332,1025
6881,11/8/2013 6:57:51,333,1030
4760,11/11/2013 22:40:26,333,1027
3052,11/10/2013 19:21:05,334,1031
4418,11/10/2013 4:08:34,334,1032
1689,11/13/2013 7:58:59,334,1032
6117,11/10/2013 17:38:27,334,1032
7297,11/9/2013 18:31:45,334,1033
1411,11/7/2013 17:43:29,334,1032
3847,11/10/2013 22:22:27,335,1035
311,11/9/2013 1:38:40,335,1034
3036,11/11/2013 22:41:07,335,1035
7952,11/10/2013 10:35:32,336,1038
788,11/9/2013 5:49:48,336,1036
458,11/9/2013 12:59:53,337,1041
6675,11/9/2013 19:55:35,337,1041
5846,11/10/2013 5:32:22,338,1042
4175,11/10/2013 11:50:28,338,1042
9777,11/10/2013 16:24:38,338,1042
2621,11/7/2013 9:04:12,338,1042
9830,11/7/2013 22:38:25,338,1042
681,11/12/2013 19:12:02,338,1042
534,11/8/2013 6:43:55,338,1042
3938,11/12/2013 6:51:54,339,1043
9325,11/12/2013 22:39:49,339,1043
9478,11/13/2013 12:14:09,339,1043
2546,11/11/2013 8:24:09,339,1043
4998,11/9/2013 15:28:00,339,1043
8822,11/13/2013 10:09:10,339,1043
2559,11/11/2013 1:16:59,339,1043
5187,11/10/2013 17:43:34,339,1043
315,11/8/2013 7:41:20,340,1044
1719,11/9/2013 4:27:45,340,1044
9156,11/12/2013 14:25:06,340,1044
8398,11/13/2013 1:03:27,340,1044
5722,11/8/2013 18:31:01,340,1044
2554,11/11/2013 9:01:41,340,1044
6359,11/7/2013 16:11:21,340,1044
8616,11/9/2013 2:03:15,341,1046
5868,11/12/2013 9:31:55,341,1047
8023,11/12/2013 1:21:25,341,1046
1028,11/6/2013 23:11:40,341,1045
7692,11/9/2013 18:18:21,341,1046
5511,11/11/2013 17:55:25,342,1048
7443,11/7/2013 14:26:58,342,1048
9861,11/12/2013 4:17:36,342,1048
7027,11/6/2013 23:56:31,342,1048
7520,11/12/2013 8:07:27,342,1048
5387,11/10/2013 23:37:18,342,1048
1613,11/10/2013 8:19:41,342,1048
2360,11/7/2013 22:00:49,342,1048
4517,11/13/2013 14:57:25,343,1053
1689,11/10/2013 12:28:49,343,1049
6184,11/13/2013 9:17:46,343,1052
8672,11/8/2013 6:51:03,343,1050
9850,11/9/2013 0:33:43,343,1051
8828,11/10/2013 21:51:22,344,1054
8040,11/10/2013 2:37:15,344,1054
1573,11/11/2013 13:52:49,345,1058
9440,11/8/2013 23:21:36,345,1060
1330,11/7/2013 22:38:16,345,1060
2829,11/13/2013 13:12:30,345,1059
1330,11/11/2013 2:42:47,345,1061
9812,11/7/2013 21:40:53,345,1060
7047,11/13/2013 13:11:14,345,1058
4157,11/7/2013 16:23:12,346,1062
3090,11/13/2013 0:04:11,346,1062
5445,11/8/2013 1:34:50,346,1062
8757,11/10/2013 20:17:32,346,1063
1797,11/9/2013 2:43:23,347,1064
5528,11/11/2013 2:54:37,347,1064
836,11/9/2013 3:59:40,347,1065
4750,11/8/2013 22:01:11,347,1065
9769,11/10/2013 15:45:36,347,1066
2061,11/8/2013 4:02:43,347,1064
4286,11/10/2013 5:38:36,347,1065
9480,11/12/2013 20:36:22,348,1067
4099,11/7/2013 21:05:08,348,1069
9192,11/8/2013 1:44:41,348,1067
7184,11/8/2013 14:07:11,348,1067
6219,11/9/2013 3:02:24,348,1068
6321,11/10/2013 14:46:36,348,1067
4052,11/7/2013 16:12:46,349,1071
1842,11/9/2013 12:56:01,349,1072
4046,11/7/2013 0:13:02,349,1072
8671,11/9/2013 20:58:29,349,1071
3645,11/9/2013 6:11:12,349,1072
8156,11/13/2013 6:22:16,349,1071
6970,11/11/2013 22:13:44,349,1072
1244,11/10/2013 10:21:02,349,1071
4876,11/11/2013 11:23:11,349,1072
9879,11/13/2013 1:33:49,350,1074
7350,11/7/2013 14:51:40,351,1077
3070,11/9/2013 9:25:16,351,1077
8385,11/6/2013 23:38:34,351,1079
7326,11/11/2013 2:33:01,351,1081
81,11/11/2013 7:00:44,352,1083
1169,11/12/2013 14:36:32,352,1082
9194,11/12/2013 15:36:24,352,1082
2630,11/9/2013 18:26:18,352,1084
5790,11/11/2013 0:23:59,352,1084
2530,11/12/2013 3:38:04,353,1086
3965,11/10/2013 16:02:11,353,1086
8817,11/11/2013 23:14:23,353,1086
1375,11/11/2013 23:23:13,353,1086
5340,11/7/2013 23:56:43,353,1086
3390,11/7/2013 7:52:35,353,1086
7995,11/8/2013 20:03:03,353,1086
3030,11/10/2013 11:16:16,354,1091
6751,11/9/2013 1:29:25,354,1087
9077,11/8/2013 4:16:57,354,1091
3984,11/7/2013 18:33:21,354,1087
7331,11/10/2013 13:24:36,355,1093
1945,11/7/2013 13:44:27,355,1092
6867,11/10/2013 7:01:33,355,1094
1780,11/8/2013 7:50:35,356,1097
7342,11/7/2013 10:36:12,356,1095
6993,11/11/2013 15:17:36,356,1097
8644,11/7/2013 19:31:57,356,1095
6283,11/10/2013 20:20:29,356,1095
2647,11/11/2013 10:02:16,357,1099
3789,11/11/2013 17:16:53,357,1100
2767,11/7/2013 6:54:15,357,1098
2512,11/9/2013 3:37:12,357,1099
3810,11/11/2013 11:55:24,357,1099
5282,11/8/2013 4:24:23,357,1098
4217,11/10/2013 23:55:28,358,1101
2774,11/12/2013 20:05:17,358,1101
6036,11/13/2013 6:08:58,359,1102
8915,11/11/2013 8:34:42,359,1103
19,11/10/2013 23:08:40,359,1103
564,11/9/2013 9:03:28,359,1103
1667,11/11/2013 22:41:48,359,1103
483,11/13/2013 1:41:17,359,1102
8091,11/8/2013 10:58:23,360,1104
4122,11/9/2013 19:52:10,360,1104
7818,11/11/2013 17:14:01,360,1104
99,11/8/2013 15:29:02,360,1104
8983,11/9/2013 19:58:48,360,1106
844,11/10/2013 2:38:23,362,1112
2297,11/11/2013 0:07:09,362,1112
3197,11/7/2013 14:56:11,362,1111
4177,11/13/2013 7:37:19,362,1111
1930,11/9/2013 18:37:15,362,1111
5148,11/13/2013 16:08:46,362,1112
6297,11/6/2013 17:05:43,362,1112
8682,11/7/2013 20:42:48,363,1113
3476,11/8/2013 21:36:57,363,1114
6827,11/13/2013 10:27:15,363,1113
4514,11/11/2013 0:19:51,363,1114
4692,11/11/2013 17:01:03,363,1113
1231,11/7/2013 10:06:07,363,1114
9518,11/10/2013 0:03:31,364,1116
3327,11/11/2013 11:42:05,364,1116
2476,11/8/2013 19:43:37,364,1119
5243,11/7/2013 8:34:43,364,1117
1777,11/12/2013 17:19:10,364,1118
4420,11/11/2013 1:38:05,364,1118
7834,11/7/2013 12:47:21,365,1121
4766,11/9/2013 23:55:52,366,1125
1134,11/7/2013 13:47:59,366,1123
4875,11/7/2013 21:14:24,366,1123
8968,11/7/2013 4:59:31,366,1123
344,11/11/2013 23:47:02,366,1126
566,11/9/2013 21:17:01,366,1124
7119,11/11/2013 12:10:47,366,1126
8274,11/13/2013 4:09:11,367,1131
4897,11/13/2013 13:00:22,367,1128
7922,11/7/2013 8:31:56,367,1130
5878,11/13/2013 11:43:15,368,1132
5991,11/8/2013 7:43:10,368,1132
5263,11/10/2013 17:29:19,369,1138
3750,11/7/2013 4:01:27,369,1138
4581,11/10/2013 20:57:34,369,1137
8545,11/9/2013 14:29:13,369,1137
5012,11/7/2013 15:13:06,369,1138
2261,11/13/2013 6:10:45,369,1137
7719,11/13/2013 4:26:02,369,1138
2835,11/9/2013 22:27:36,369,1138
4047,11/10/2013 6:37:03,369,1139
4740,11/12/2013 23:59:36,370,1143
4575,11/12/2013 7:37:25,370,1141
7190,11/8/2013 9:22:16,370,1143
236,11/13/2013 7:05:08,370,1142
2630,11/8/2013 1:49:03,370,1143
6620,11/10/2013 22:39:06,370,1141
2071,11/6/2013 17:39:59,370,1141
348,11/7/2013 19:28:50,371,1145
7940,11/12/2013 23:14:08,371,1145
9899,11/11/2013 3:26:40,371,1148
6183,11/12/2013 19:27:34,371,1145
5876,11/8/2013 5:41:37,371,1147
813,11/9/2013 21:42:14,371,1145
9128,11/11/2013 3:18:43,371,1146
8667,11/9/2013 12:50:18,372,1151
8563,11/10/2013 9:24:42,372,1153
1934,11/10/2013 7:08:25,372,1150
1577,11/6/2013 18:04:12,372,1153
9468,11/8/2013 2:40:21,373,1158
9770,11/10/2013 10:09:08,373,1156
6822,11/9/2013 9:56:21,375,1161
7423,11/13/2013 9:59:53,376,1165
6347,11/11/2013 1:43:09,376,1165
5830,11/9/2013 14:58:27,376,1165
4418,11/10/2013 5:48:23,376,1165
3754,11/13/2013 1:19:51,376,1165
6052,11/7/2013 16:21:36,376,1165
6258,11/9/2013 12:08:17,377,1166
7287,11/7/2013 5:37:02,377,1166
5737,11/8/2013 16:40:20,377,1167
6172,11/9/2013 4:45:34,377,1166
225,11/10/2013 12:46:07,378,1168
3900,11/12/2013 9:26:12,378,1168
2153,11/9/2013 6:02:47,378,1168
7181,11/11/2013 10:05:34,378,1168
6450,11/9/2013 9:53:47,378,1168
8840,11/8/2013 7:06:23,378,1168
8274,11/10/2013 16:59:04,378,1168
8069,11/13/2013 9:06:43,378,1168
2871,11/11/2013 6:06:34,378,1168
3886,11/6/2013 22:16:49,379,1170
9874,11/7/2013 6:57:51,379,1169
9395,11/13/2013 1:16:02,379,1173
3121,11/7/2013 19:16:45,379,1172
1564,11/10/2013 2:51:12,380,1175
3610,11/11/2013 15:36:20,380,1176
2343,11/13/2013 1:40:05,380,1174
9510,11/9/2013 21:27:05,380,1177
1735,11/12/2013 10:47:21,381,1178
2143,11/13/2013 14:19:40,382,1182
5174,11/12/2013 8:53:26,382,1182
4422,11/7/2013 0:36:24,382,1182
6520,11/10/2013 3:20:08,383,1186
1310,11/8/2013 16:27:28,383,1184
9613,11/7/2013 2:39:36,383,1183
2185,11/11/2013 8:57:54,383,1184
9784,11/11/2013 8:18:42,384,1188
4350,11/12/2013 7:41:32,384,1187
1539,11/11/2013 10:45:23,384,1188
9332,11/12/2013 2:32:23,384,1187
1011,11/13/2013 5:17:29,384,1187
1761,11/7/2013 21:44:08,384,1187
4881,11/12/2013 4:03:56,384,1187
9772,11/8/2013 9:23:39,385,1190
8486,11/7/2013 13:42:09,385,1189
1642,11/12/2013 9:40:51,385,1190
4117,11/12/2013 15:17:30,386,1191
2986,11/12/2013 7:25:22,386,1192
5851,11/7/2013 14:28:16,386,1192
3193,11/6/2013 21:15:19,386,1192
6786,11/9/2013 11:20:37,386,1192
3112,11/11/2013 9:25:44,387,1193
2133,11/7/2013 9:27:21,387,1194
8579,11/12/2013 10:12:48,387,1194
9860,11/9/2013 20:26:30,387,1193
1326,11/11/2013 20:20:52,387,1194
2775,11/10/2013 11:50:36,387,1194
765,11/10/2013 5:56:28,387,1194
9670,11/7/2013 19:47:00,387,1193
6963,11/8/2013 2:22:28,388,1196
1176,11/7/2013 13:57:58,388,1195
7318,11/8/2013 19:29:25,388,1196
8059,11/7/2013 12:43:48,388,1196
3818,11/11/2013 11:29:19,389,1197
6036,11/11/2013 3:40:08,389,1197
13,11/10/2013 19:47:21,389,1197
975,11/13/2013 6:16:31,389,1197
2564,11/8/2013 22:23:33,390,1201
1957,11/6/2013 23:19:03,390,1202
2122,11/13/2013 11:53:23,390,1199
1653,11/7/2013 14:42:02,390,1200
2049,11/10/2013 7:51:23,390,1202
9656,11/9/2013 18:49:30,390,1198
360,11/10/2013 9:12:57,391,1203
2454,11/12/2013 0:18:17,392,1206
8078,11/11/2013 9:47:55,392,1205
8257,11/7/2013 12:42:14,392,1206
1129,11/7/2013 9:47:21,392,1206
6191,11/13/2013 6:27:13,392,1206
9845,11/9/2013 8:25:41,393,1207
5646,11/8/2013 7:06:39,393,1211
6163,11/11/2013 7:41:52,393,1211
2432,11/9/2013 19:12:50,393,1211
93,11/11/2013 15:10:18,393,1210
8425,11/8/2013 20:02:41,393,1209
9685,11/7/2013 9:06:03,393,1209
2436,11/13/2013 2:41:04,393,1207
5343,11/6/2013 18:27:51,394,1212
1376,11/9/2013 5:01:58,394,1212
7765,11/9/2013 16:04:08,394,1214
2096,11/6/2013 20:16:52,394,1214
8410,11/10/2013 20:35:38,394,1213
8088,11/11/2013 13:33:36,395,1216
981,11/11/2013 16:32:07,395,1216
6520,11/10/2013 4:57:49,395,1215
888,11/11/2013 14:29:31,395,1217
3459,11/9/2013 17:13:56,395,1215
3058,11/13/2013 14:40:51,395,1217
1227,11/10/2013 2:18:22,395,1217
2717,11/9/2013 9:27:52,395,1215
9068,11/10/2013 19:55:05,395,1217
4355,11/11/2013 1:31:29,396,1218
2583,11/7/2013 14:58:35,396,1218
8320,11/12/2013 16:22:22,396,1218
1613,11/13/2013 13:35:51,396,1218
856,11/12/2013 1:48:21,396,1218
4333,11/11/2013 15:00:35,396,1218
6536,11/7/2013 11:24:19,397,1220
4148,11/12/2013 15:41:35,397,1219
8747,11/12/2013 15:25:20,398,1223
8466,11/10/2013 14:14:46,399,1227
933,11/7/2013 19:02:51,399,1225
7125,11/11/2013 21:01:36,399,1226
9180,11/11/2013 4:59:00,399,1227
7433,11/9/2013 17:45:47,399,1228
5574,11/11/2013 2:48:48,399,1228
2046,11/11/2013 18:40:44,400,1232
7322,11/7/2013 11:44:16,400,1232
8881,11/8/2013 7:16:26,401,1235
6225,11/8/2013 16:07:20,401,1234
7740,11/13/2013 12:33:25,402,1236
2640,11/11/2013 2:00:36,402,1236
6670,11/7/2013 7:48:14,402,1236
7462,11/12/2013 21:19:18,402,1236
5250,11/8/2013 15:47:49,402,1236
3534,11/6/2013 20:51:35,402,1236
8097,11/10/2013 18:04:00,403,1237
3989,11/10/2013 20:11:04,403,1238
3254,11/11/2013 0:21:18,403,1237
1168,11/6/2013 22:06:10,404,1241
4480,11/7/2013 2:07:26,405,1245
9835,11/10/2013 18:33:19,405,1244
8129,11/9/2013 13:51:40,405,1245
4756,11/8/2013 1:38:43,405,1246
6267,11/6/2013 22:59:47,405,1242
3651,11/8/2013 4:12:26,405,1246
5843,11/11/2013 13:04:52,405,1246
2870,11/13/2013 3:36:59,405,1246
1054,11/9/2013 12:29:00,406,1248
2110,11/6/2013 23:16:32,406,1247
6837,11/11/2013 21:35:26,406,1248
1369,11/13/2013 10:49:25,406,1248
1788,11/8/2013 19:39:30,406,1248
718,11/8/2013 20:31:34,406,1248
1650,11/11/2013 4:27:46,406,1249
5221,11/7/2013 17:12:06,406,1249
8866,11/12/2013 4:02:31,408,1253
6180,11/7/2013 8:04:57,408,1253
1525,11/8/2013 18:15:14,408,1253
884,11/8/2013 5:20:23,408,1253
326,11/10/2013 17:41:33,408,1253
6919,11/9/2013 19:04:03,408,1253
7954,11/7/2013 11:30:41,408,1253
6495,11/10/2013 13:52:00,408,1253
3142,11/12/2013 19:12:58,408,1253
1676,11/9/2013 2:38:40,409,1254
2992,11/8/2013 12:07:41,410,1255
6414,11/11/2013 11:13:40,410,1255
6741,11/7/2013 6:14:28,410,1256
4715,11/12/2013 19:03:01,410,1256
3965,11/13/2013 5:07:29,410,1256
6026,11/12/2013 23:44:06,410,1257
5960,11/11/2013 13:36:59,410,1256
3367,11/9/2013 17:19:11,410,1257
4348,11/9/2013 6:47:50,410,1257
952,11/11/2013 9:54:50,411,1258
3249,11/11/2013 12:33:02,412,1261
1248,11/9/2013 15:47:41,412,1261
8061,11/13/2013 2:01:25,412,1261
7431,11/12/2013 21:12:39,412,1261
1755,11/9/2013 23:16:43,412,1261
371,11/8/2013 8:25:19,412,1261
2741,11/13/2013 6:09:24,412,1261
8877,11/12/2013 7:58:42,412,1261
5677,11/7/2013 21:00:08,413,1263
261,11/9/2013 23:41:52,413,1263
3276,11/10/2013 10:24:15,413,1262
4652,11/11/2013 5:54:37,413,1263
2990,11/11/2013 7:11:17,413,1263
5711,11/6/2013 22:21:31,413,1262
9186,11/7/2013 16:40:30,413,1262
9368,11/13/2013 3:57:27,414,1265
3693,11/13/2013 0:05:29,414,1264
2180,11/11/2013 2:58:41,414,1264
1811,11/7/2013 10:37:55,414,1264
9825,11/7/2013 14:33:47,414,1265
9223,11/13/2013 13:33:00,414,1264
8270,11/13/2013 7:33:19,414,1265
3686,11/6/2013 19:40:21,414,1264
7040,11/10/2013 22:18:22,414,1265
7859,11/7/2013 8:29:51,415,1266
6081,11/12/2013 15:12:16,415,1266
667,11/9/2013 19:36:32,416,1268
3120,11/12/2013 21:54:10,416,1269
3722,11/7/2013 23:37:15,416,1269
977,11/9/2013 10:28:40,416,1269
1860,11/8/2013 21:53:09,417,1273
7134,11/12/2013 2:43:23,417,1270
3120,11/11/2013 0:30:41,417,1271
6054,11/8/2013 22:15:26,417,1272
673,11/12/2013 8:07:23,421,1283
6887,11/9/2013 15:34:19,421,1281
2495,11/10/2013 6:38:25,422,1285
8139,11/10/2013 20:02:37,422,1288
8170,11/8/2013 19:19:52,422,1287
6572,11/12/2013 3:40:19,422,1288
671,11/6/2013 21:04:50,422,1287
4270,11/10/2013 10:29:09,423,1293
3234,11/11/2013 0:50:27,423,1293
5721,11/6/2013 18:42:00,423,1290
3951,11/8/2013 4:20:12,423,1293
3382,11/10/2013 3:30:29,423,1293
1117,11/12/2013 11:51:16,423,1292
9459,11/10/2013 0:58:41,423,1290
3597,11/7/2013 9:23:50,423,1292
6118,11/8/2013 9:28:55,423,1293
5839,11/7/2013 3:39:10,424,1297
222,11/13/2013 5:46:25,424,1294
8520,11/13/2013 13:42:19,424,1294
2130,11/11/2013 22:40:22,424,1297
8328,11/13/2013 13:33:03,424,1295
6184,11/10/2013 1:42:17,424,1296
8492,11/8/2013 18:24:30,424,1296
5630,11/10/2013 4:51:09,424,1294
6080,11/9/2013 18:05:42,424,1294
3769,11/13/2013 4:17:02,425,1302
9553,11/7/2013 19:58:00,425,1302
7293,11/12/2013 19:22:46,425,1301
3456,11/13/2013 7:17:11,425,1299
892,11/8/2013 20:26:38,425,1301
5273,11/12/2013 3:54:34,425,1300
811,11/8/2013 21:52:52,425,1301
1230,11/10/2013 14:28:24,425,1298
960,11/9/2013 11:33:11,425,1301
6475,11/7/2013 5:06:14,426,1304
9400,11/8/2013 17:22:35,427,1305
6395,11/6/2013 20:35:24,427,1306
9383,11/9/2013 6:23:15,427,1306
8551,11/13/2013 10:49:03,427,1305
5352,11/10/2013 15:39:53,427,1307
3754,11/8/2013 21:26:32,427,1306
5119,11/7/2013 11:06:25,428,1308
3189,11/10/2013 23:18:19,428,1308
5692,11/7/2013 12:21:13,428,1308
2440,11/11/2013 14:26:41,428,1308
6615,11/11/2013 20:14:40,428,1308
2651,11/8/2013 15:00:44,428,1308
1578,11/9/2013 14:58:35,428,1308
7086,11/7/2013 21:29:06,428,1308
9080,11/9/2013 4:56:57,428,1308
1118,11/11/2013 20:07:58,429,1311
7389,11/11/2013 11:09:09,429,1309
5050,11/11/2013 13:16:44,429,1309
1541,11/8/2013 0:09:34,429,1311
6898,11/10/2013 23:03:52,429,1310
8787,11/6/2013 16:37:35,429,1309
1533,11/13/2013 8:29:34,430,1313
7044,11/13/2013 9:11:12,430,1313
4197,11/12/2013 6:10:25,430,1312
9586,11/7/2013 23:27:36,430,1313
2321,11/13/2013 0:43:19,430,1312
1160,11/7/2013 23:03:29,430,1312
2223,11/13/2013 16:30:56,430,1313
9118,11/11/2013 20:14:11,430,1313
2653,11/11/2013 3:41:05,430,1312
4290,11/11/2013 21:41:48,431,1318
8431,11/11/2013 18:19:48,431,1316
2410,11/11/2013 13:01:48,431,1314
3836,11/7/2013 6:02:06,431,1316
3297,11/10/2013 13:30:31,431,1316
3915,11/11/2013 10:26:43,431,1317
9162,11/9/2013 0:45:19,431,1314
9749,11/10/2013 7:37:20,431,1314
2560,11/12/2013 3:41:07,432,1319
3536,11/12/2013 15:49:31,432,1319
3753,11/9/2013 0:36:04,432,1319
8338,11/7/2013 23:30:02,432,1319
8750,11/13/2013 8:24:50,432,1319
2631,11/13/2013 12:27:01,432,1319
1855,11/10/2013 23:09:10,432,1319
5834,11/10/2013 7:16:44,432,1319
9222,11/8/2013 22:14:46,433,1323
5461,11/8/2013 10:16:56,434,1326
5688,11/7/2013 12:24:47,434,1327
5947,11/7/2013 15:04:24,434,1327
6114,11/12/2013 6:54:11,434,1329
2110,11/8/2013 4:54:28,434,1329
7138,11/11/2013 21:29:01,434,1329
2217,11/12/2013 1:25:22,434,1327
6754,11/8/2013 19:20:24,435,1330
3050,11/12/2013 4:18:53,435,1330
3986,11/12/2013 4:42:44,435,1330
2999,11/8/2013 1:14:02,436,1331
6450,11/11/2013 4:29:37,436,1335
2367,11/8/2013 11:29:39,436,1333
2531,11/9/2013 23:03:12,436,1334
3851,11/8/2013 8:11:45,437,1337
3960,11/6/2013 23:04:40,437,1336
3222,11/10/2013 9:27:12,437,1338
3272,11/6/2013 18:45:31,438,1339
4750,11/10/2013 10:24:16,438,1339
5858,11/9/2013 21:47:42,438,1339
1566,11/10/2013 6:31:58,438,1339
7050,11/8/2013 7:31:17,438,1339
1195,11/12/2013 8:21:13,438,1340
8636,11/10/2013 9:21:16,439,1342
682,11/11/2013 0:18:28,439,1343
9011,11/11/2013 10:25:02,439,1341
1739,11/7/2013 9:01:58,440,1347
1953,11/7/2013 7:20:29,440,1346
9029,11/8/2013 19:46:49,440,1346
7048,11/10/2013 11:08:50,440,1345
952,11/12/2013 19:46:25,440,1347
2755,11/9/2013 14:37:42,440,1345
7913,11/6/2013 16:35:40,440,1347
5992,11/7/2013 8:09:12,441,1348
5156,11/12/2013 13:12:18,441,1349
3822,11/8/2013 20:21:47,441,1349
8676,11/10/2013 23:22:47,441,1348
5366,11/10/2013 8:37:49,441,1349
4951,11/11/2013 22:51:47,442,1350
4898,11/13/2013 14:54:34,442,1352
455,11/13/2013 14:46:12,442,1354
416,11/9/2013 15:07:10,442,1354
3074,11/11/2013 8:29:28,443,1356
1939,11/12/2013 8:40:25,443,1358
4987,11/7/2013 17:06:10,443,1357
4279,11/11/2013 4:30:45,443,1357
2843,11/8/2013 0:31:34,443,1358
9460,11/11/2013 11:46:37,444,1360
740,11/7/2013 6:08:00,444,1360
977,11/7/2013 19:53:58,444,1359
5940,11/10/2013 6:33:16,444,1361
8795,11/6/2013 23:14:12,444,1360
9782,11/13/2013 6:27:58,444,1360
5268,11/7/2013 2:50:22,445,1362
1177,11/7/2013 6:34:33,445,1362
8685,11/7/2013 21:51:06,445,1363
1914,11/10/2013 14:44:11,446,1366
2989,11/10/2013 13:39:20,446,1365
4338,11/12/2013 10:30:09,446,1365
5414,11/7/2013 13:09:43,446,1366
4662,11/13/2013 9:43:01,446,1367
3396,11/8/2013 5:13:53,446,1368
2259,11/9/2013 7:29:13,446,1368
3461,11/9/2013 2:50:56,446,1365
327,11/12/2013 20:14:02,446,1365
1489,11/13/2013 15:20:41,448,1375
983,11/11/2013 3:39:56,448,1375
5220,11/7/2013 18:58:21,448,1375
1113,11/12/2013 22:35:31,448,1375
3222,11/11/2013 14:32:47,450,1384
8722,11/13/2013 0:55:56,450,1383
3717,11/13/2013 13:17:42,450,1382
2250,11/6/2013 18:04:59,450,1385
8599,11/9/2013 22:03:39,450,1384
6444,11/7/2013 13:08:23,450,1384
1797,11/11/2013 19:37:08,450,1382
5470,11/7/2013 17:44:58,450,1383
7092,11/10/2013 19:12:55,450,1383
3886,11/13/2013 4:06:35,451,1387
5674,11/12/2013 4:03:03,451,1388
9316,11/12/2013 7:17:22,451,1387
2980,11/11/2013 23:16:17,451,1387
7440,11/7/2013 6:57:31,451,1390
1739,11/8/2013 13:46:21,451,1388
6681,11/12/2013 4:49:39,453,1394
6269,11/11/2013 9:14:35,453,1395
1424,11/8/2013 12:33:39,453,1396
1398,11/9/2013 1:50:24,453,1395
1177,11/11/2013 22:30:04,454,1397
1964,11/11/2013 17:37:07,454,1397
2473,11/9/2013 3:00:23,454,1397
6294,11/6/2013 18:53:03,454,1397
1741,11/9/2013 5:39:17,454,1397
4457,11/12/2013 22:00:01,454,1397
3672,11/12/2013 12:36:56,455,1400
3790,11/10/2013 10:25:10,456,1405
8467,11/8/2013 12:43:20,456,1406
8013,11/9/2013 12:14:24,456,1407
4079,11/12/2013 22:30:58,456,1404
9162,11/9/2013 0:36:12,456,1406
5054,11/12/2013 2:48:23,456,1405
9188,11/12/2013 15:12:31,456,1407
7472,11/7/2013 7:59:57,456,1404
9831,11/9/2013 18:26:00,457,1410
6043,11/12/2013 6:29:41,457,1410
38,11/9/2013 0:29:49,457,1408
1285,11/11/2013 12:29:02,457,1408
6930,11/13/2013 14:43:16,457,1410
8189,11/12/2013 7:12:04,457,1409
6988,11/12/2013 0:08:42,458,1412
2730,11/8/2013 22:37:10,458,1412
6139,11/13/2013 1:48:56,458,1414
6717,11/8/2013 4:21:13,458,1412
8887,11/12/2013 7:44:11,458,1413
1050,11/11/2013 20:36:50,459,1416
3913,11/9/2013 4:52:48,459,1416
4747,11/8/2013 16:48:18,459,1416
8381,11/9/2013 22:20:10,460,1418
6600,11/8/2013 15:26:23,460,1418
6335,11/6/2013 20:22:10,460,1418
6030,11/8/2013 20:27:50,460,1418
8330,11/13/2013 13:51:14,460,1418
8960,11/7/2013 20:08:25,460,1418
1867,11/13/2013 12:21:33,460,1418
3664,11/7/2013 1:25:30,460,1418
440,11/8/2013 14:07:41,131,971
1436,11/8/2013 18:54:34,83,371
3193,11/8/2013 16:03:38,442,299
3095,11/10/2013 6:58:42,411,49
6890,11/8/2013 8:01:33,58,1399
2638,11/8/2013 16:20:03,200,233
9597,11/10/2013 23:16:08,95,561
7086,11/10/2013 20:51:19,185,1303
4433,11/10/2013 22:14:37,180,358
1594,11/13/2013 16:32:33,127,542
8142,11/7/2013 10:52:14,26,374
8929,11/8/2013 4:18:54,89,302
5588,11/7/2013 15:49:08,15,1184
8177,11/9/2013 14:24:19,369,871
2925,11/10/2013 0:53:47,109,124
5612,11/8/2013 5:30:21,233,698
4151,11/13/2013 11:19:27,397,714
1414,11/12/2013 22:51:21,459,7
75,11/9/2013 8:21:49,283,532
5484,11/7/2013 2:30:12,273,848
3965,11/11/2013 5:13:55,148,707
2128,11/7/2013 18:03:39,183,1274
8044,11/13/2013 3:24:59,368,847
3384,11/9/2013 9:07:20,298,909
6541,11/9/2013 22:20:36,453,942
4476,11/8/2013 13:56:19,376,290
1472,11/11/2013 9:29:33,192,1134
6391,11/8/2013 23:39:16,241,681
1215,11/10/2013 11:03:32,326,394
1070,11/8/2013 13:17:02,362,48
640,11/11/2013 14:40:28,50,1361
7340,11/7/2013 17:15:20,225,863
4786,11/12/2013 18:27:56,12,349
5334,11/12/2013 23:22:46,22,578
630,11/9/2013 5:32:31,300,1413
5018,11/12/2013 8:26:48,372,1111
5769,11/10/2013 9:58:05,39,46
8095,11/9/2013 1:25:59,70,1030
4725,11/11/2013 1:40:19,258,445
7769,11/8/2013 8:48:59,298,1348
7151,11/8/2013 2:22:14,459,299
1130,11/7/2013 15:23:22,130,509
5535,11/12/2013 18:55:39,109,590
2473,11/9/2013 17:01:46,204,611
2423,11/8/2013 1:52:49,106,1352
4440,11/12/2013 21:34:43,422,626
4520,11/11/2013 3:43:45,270,49
6050,11/9/2013 13:33:56,311,1135
9493,11/8/2013 16:26:06,326,657
5272,11/8/2013 15:57:21,221,1289
5082,11/12/2013 19:21:48,208,30
7773,11/11/2013 2:28:09,298,266
5883,11/12/2013 21:29:17,323,1271
3374,11/6/2013 19:35:36,334,27
430,11/8/2013 16:26:06,390,1168
7011,11/6/2013 21:38:06,317,873
423,11/13/2013 8:57:51,18,813
496,11/13/2013 12:44:15,173,355
2429,11/7/2013 16:10:08,455,1321
5893,11/10/2013 4:34:40,446,815
338,11/7/2013 16:22:35,132,653
5427,11/9/2013 0:23:46,139,1230
5749,11/11/2013 7:34:54,193,813
8633,11/10/2013 1:36:47,288,229
1532,11/10/2013 5:29:00,94,1385
3796,11/11/2013 9:58:09,424,389
4688,11/7/2013 0:02:54,184,321
2533,11/11/2013 2:50:08,81,1283
6638,11/8/2013 19:07:30,52,208
8045,11/8/2013 15:29:29,151,550
7820,11/7/2013 22:41:35,81,98
3933,11/13/2013 6:27:00,254,869
9319,11/7/2013 10:02:34,47,797
2874,11/8/2013 13:10:08,283,353
5642,11/6/2013 21:40:47,307,114
5354,11/12/2013 5:12:24,54,780
3511,11/12/2013 16:28:41,175,471
2287,11/8/2013 6:53:43,138,897
5070,11/8/2013 19:31:41,189,89
4844,11/12/2013 1:43:27,26,1234
9856,11/12/2013 5:28:43,212,528
4566,11/13/2013 8:18:32,19,820
1746,11/10/2013 1:37:20,35,171
3095,11/13/2013 3:40:30,317,991
8118,11/11/2013 1:09:05,384,249
6777,11/13/2013 1:41:32,244,959
5149,11/7/2013 20:46:54,82,354
4792,11/10/2013 10:58:19,64,694
490,11/8/2013 14:39:25,49,1394
2748,11/9/2013 7:29:19,58,1296
7540,11/8/2013 18:43:01,423,1272
4848,11/12/2013 20:37:59,3,993
8974,11/13/2013 15:59:51,365,410
4912,11/11/2013 12:53:16,177,528
2265,11/11/2013 13:15:22,443,1100
454,11/12/2013 13:34:39,171,546
120,11/11/2013 4:30:07,4,1376
2976,11/12/2013 18:48:56,440,693
7411,11/11/2013 17:33:31,395,116
5878,11/8/2013 18:45:27,49,87
2049,11/8/2013 10:43:38,383,481
5710,11/8/2013 10:55:02,14,455
8020,11/11/2013 2:17:31,177,29
8976,11/10/2013 14:36:41,175,820
7437,11/11/2013 2:34:09,359,311
2321,11/11/2013 2:24:12,398,921
3297,11/7/2013 7:17:49,157,1096
7967,11/8/2013 9:16:34,113,59
7681,11/7/2013 0:00:20,209,589
311,11/7/2013 2:56:11,226,1053
6514,11/11/2013 7:33:27,251,705
6691,11/11/2013 0:22:51,289,596
5157,11/10/2013 10:32:58,409,921
560,11/12/2013 23:22:22,411,607
6045,11/13/2013 12:29:55,270,67
170,11/10/2013 5:19:48,210,226
1396,11/11/2013 18:23:01,166,60
8330,11/11/2013 15:31:56,410,1266
957,11/13/2013 15:53:54,124,1196
9338,11/9/2013 7:46:44,32,8
2437,11/7/2013 6:18:19,256,1148
374,11/6/2013 21:38:25,176,271
7152,11/9/2013 10:15:44,288,578
991,11/13/2013 7:35:38,435,486
6454,11/8/2013 8:44:52,119,730
2382,11/7/2013 2:54:33,45,334
4758,11/7/2013 14:01:47,337,1174
9393,11/7/2013 22:38:36,7,488
7887,11/9/2013 0:35:03,147,790
730,11/11/2013 10:32:00,424,1103
5729,11/8/2013 9:00:26,31,1223
6391,11/8/2013 3:21:39,50,415
4226,11/8/2013 19:54:20,70,625
1274,11/9/2013 0:45:53,102,612
1319,11/8/2013 0:47:50,413,1298
715,11/11/2013 2:33:54,450,109
5476,11/10/2013 11:29:43,269,173
977,11/10/2013 2:37:01,438,45
7277,11/12/2013 8:48:19,391,353
714,11/10/2013 13:36:31,277,532
5239,11/11/2013 14:07:05,361,344
532,11/12/2013 19:41:57,370,20
6243,11/10/2013 15:22:16,235,354
9775,11/9/2013 1:29:02,150,807
9257,11/7/2013 0:56:13,289,225
9675,11/12/2013 13:55:08,377,848
5360,11/10/2013 10:56:26,393,558
8960,11/12/2013 5:38:44,139,1201
647,11/6/2013 21:41:37,191,1183
4490,11/12/2013 11:14:20,171,176
9279,11/8/2013 12:04:45,376,153
7695,11/11/2013 20:39:44,287,1005
2384,11/8/2013 18:21:11,107,583